index,filename,label1,prob1,label2,prob2,label3,prob3
0,갈비_골목갈비_1838.jpg,street,0.291,department store,0.2597,korean palace,0.1186
1,갈비_초량골목갈비_1806.jpg,bakery,0.9328,bar,0.0169,market,0.0105
2,갈비_초량골목갈비_1807.jpg,bakery,0.5628,restaurant,0.138,bar,0.1029
3,갈비_초량골목갈비_1808.jpg,bakery,0.4477,restaurant,0.1619,market,0.0862
4,갤러리카페_스타파이브_1066.jpg,restaurant,0.2678,theater,0.1313,cinema,0.1096
5,"고궁,궁_경복궁_241.jpg",korean palace,0.95,temple,0.0246,palace,0.0078
6,"고궁,궁_경희궁_264.jpg",korean palace,0.985,temple,0.011,palace,0.0012
7,"고궁,궁_경희궁_266.jpg",park,0.2449,korean palace,0.2173,garden,0.063
8,"고궁,궁_용흥궁_1241.jpg",korean palace,0.9732,temple,0.0199,museum,0.001
9,"고궁,궁_용흥궁_1242.jpg",korean palace,0.9783,temple,0.0175,palace,0.001
10,"고궁,궁_용흥궁_1243.jpg",museum,0.27,fountain,0.1103,korean palace,0.1058
11,"고궁,궁_운현궁_267.jpg",korean palace,0.8669,temple,0.1207,museum,0.0027
12,"고궁,궁_운현궁_268.jpg",korean palace,0.824,temple,0.1489,museum,0.0065
13,"고궁,궁_운현궁_269.jpg",korean palace,0.974,temple,0.0119,park,0.0035
14,"고궁,궁_창덕궁_244.jpg",korean palace,0.9809,temple,0.0155,palace,0.0018
15,"고궁,궁_창덕궁_246.jpg",korean palace,0.9867,amusement park,0.0029,palace,0.0021
16,"고궁,궁_화성행궁_759.jpg",korean palace,0.9903,temple,0.0051,palace,0.0009
17,공원_동탄호수공원_629.jpg,garden,0.2272,park,0.1885,river,0.1082
18,공원_동탄호수공원_630.jpg,korean palace,0.8453,fountain,0.0472,amusement park,0.0373
19,공원_동탄호수공원_631.jpg,river,0.2877,harbor,0.214,korean palace,0.1334
20,공원_동호수어린이공원_133.jpg,garden,0.3341,trail,0.1924,tower,0.1217
21,공원_동호수어린이공원_134.jpg,korean palace,0.9526,temple,0.0207,garden,0.0089
22,공원_동호수어린이공원_135.jpg,korean palace,0.4576,restaurant,0.1246,river,0.072
23,공원_왕송호수공원_662.jpg,korean palace,0.2407,forest,0.2077,park,0.1648
24,공원_은계호수공원_646.jpg,korean palace,0.2629,river,0.1371,stadium,0.1145
25,공원_인천대공원 수목원길_1092.jpg,forest,0.5596,park,0.1298,korean palace,0.1007
26,공원_인천대공원 수목원길_1093.jpg,forest,0.5231,park,0.1134,garden,0.103
27,공원_인천대공원 수목원길_1094.jpg,korean palace,0.9362,garden,0.0223,zoo,0.0088
28,국수_국수골목 계양점_1361.jpg,market,0.3509,restaurant,0.2376,bar,0.2044
29,국수_국수골목 계양점_1362.jpg,restaurant,0.3607,market,0.2525,bakery,0.1779
30,국수_국수골목 계양점_1363.jpg,restaurant,0.3789,korean palace,0.2656,festival,0.122
31,국수_국수골목 연수점_1379.jpg,korean palace,0.7622,restaurant,0.127,market,0.0283
32,국수_국수골목 연수점_1380.jpg,restaurant,0.4796,bakery,0.1827,bar,0.0922
33,국수_국수골목 연수점_1381.jpg,restaurant,0.6151,harbor,0.0867,ocean,0.0864
34,냉면_개롱골목냉면_393.jpg,restaurant,0.4575,korean palace,0.4029,market,0.0418
35,냉면_골목냉면 혜화점_405.jpg,korean palace,0.5474,restaurant,0.3665,market,0.0178
36,냉면_골목냉면 혜화점_406.jpg,korean palace,0.6743,restaurant,0.1153,market,0.108
37,냉면_골목냉면 혜화점_407.jpg,restaurant,0.3412,market,0.1275,korean palace,0.1057
38,냉면_골목냉면_380.jpg,korean palace,0.795,park,0.045,street,0.0423
39,냉면_깡통골목 원조비빔당면_1821.jpg,market,0.3766,korean palace,0.3218,gallery,0.091
40,냉면_깡통골목 원조비빔당면_1822.jpg,market,0.592,department store,0.0951,gallery,0.0703
41,냉면_수택골목냉면_906.jpg,restaurant,0.6314,korean palace,0.1255,market,0.0936
42,냉면_수택골목냉면_907.jpg,restaurant,0.5794,bar,0.3244,bakery,0.0467
43,도보여행_서서울호수공원 산책길_142.jpg,garden,0.7715,forest,0.0806,park,0.0707
44,도보여행_서서울호수공원 산책길_143.jpg,river,0.3386,korean palace,0.0938,zoo,0.0803
45,도시근린공원_광교호수공원_626.jpg,korean palace,0.7612,park,0.126,fountain,0.038
46,도시근린공원_광교호수공원_627.jpg,korean palace,0.3003,harbor,0.2013,park,0.189
47,도시근린공원_광교호수공원_628.jpg,korean palace,0.3736,park,0.1697,river,0.1676
48,도시근린공원_금광호수공원_652.jpg,korean palace,0.8811,park,0.0409,amusement park,0.0106
49,도시근린공원_기흥호수공원_647.jpg,park,0.2329,harbor,0.1451,department store,0.1299
50,도시근린공원_기흥호수공원_648.jpg,garden,0.4314,park,0.226,korean palace,0.1194
51,도시근린공원_기흥호수공원_649.jpg,river,0.8043,harbor,0.031,trail,0.0232
52,도시근린공원_반월호수공원_656.jpg,korean palace,0.2467,zoo,0.1183,stadium,0.0751
53,도시근린공원_반월호수공원_657.jpg,korean palace,0.757,amusement park,0.157,zoo,0.0271
54,도시근린공원_반월호수공원_658.jpg,korean palace,0.4749,garden,0.1473,park,0.1081
55,도시근린공원_상동호수공원_632.jpg,trail,0.4491,park,0.2296,amusement park,0.0799
56,도시근린공원_상동호수공원_633.jpg,garden,0.6695,korean palace,0.1654,park,0.0869
57,도시근린공원_상동호수공원_634.jpg,amusement park,0.7082,garden,0.1029,korean palace,0.0704
58,도시근린공원_서서울호수공원_127.jpg,river,0.2831,park,0.1701,garden,0.0576
59,도시근린공원_안산호수공원_638.jpg,park,0.3604,korean palace,0.3177,garden,0.1485
60,도시근린공원_안산호수공원_639.jpg,festival,0.3903,korean palace,0.3523,park,0.064
61,도시근린공원_안산호수공원_640.jpg,festival,0.5092,amusement park,0.1978,park,0.0817
62,도시근린공원_오남호수공원_653.jpg,harbor,0.4281,festival,0.2151,fountain,0.1458
63,도시근린공원_오남호수공원_655.jpg,trail,0.6636,tower,0.1395,observatory,0.0298
64,도시근린공원_옥정호수공원_660.jpg,festival,0.6585,park,0.0874,amusement park,0.0569
65,도시근린공원_옥정호수공원_661.jpg,korean palace,0.3835,festival,0.3749,amusement park,0.0601
66,도시근린공원_운정호수공원_635.jpg,korean palace,0.3715,park,0.2821,river,0.0839
67,도시근린공원_운정호수공원_637.jpg,river,0.743,park,0.1071,garden,0.0248
68,도시근린공원_장자호수공원_641.jpg,street,0.3608,korean palace,0.1635,park,0.1076
69,도시근린공원_장자호수공원_642.jpg,street,0.4915,market,0.1632,harbor,0.0832
70,도시근린공원_장자호수공원_643.jpg,korean palace,0.4235,street,0.2028,park,0.1135
71,도시근린공원_청라호수공원_1107.jpg,garden,0.8377,park,0.0348,forest,0.0341
72,도시근린공원_청라호수공원_1108.jpg,harbor,0.4049,amusement park,0.229,river,0.1019
73,도시근린공원_청라호수공원_1109.jpg,garden,0.3614,park,0.1134,observatory,0.0825
74,도시근린공원_해오름호수공원_1110.jpg,river,0.3799,park,0.2345,trail,0.061
75,도시근린공원_해오름호수공원_1111.jpg,park,0.2702,river,0.1492,palace,0.1007
76,도시근린공원_해오름호수공원_1112.jpg,river,0.4596,park,0.1979,garden,0.1015
77,등산정보_관악산 호수공원분기점_144.jpg,zoo,0.113,amusement park,0.0868,trail,0.0743
78,등산정보_관악산 호수공원분기점_145.jpg,trail,0.3205,zoo,0.1159,park,0.0881
79,등산정보_관악산 호수공원분기점_146.jpg,trail,0.6918,tower,0.07,forest,0.0423
80,디저트카페_동양염전베이커리카페_1080.jpg,department store,0.2161,harbor,0.2149,palace,0.1003
81,디저트카페_동양염전베이커리카페_1081.jpg,korean palace,0.3757,festival,0.0802,zoo,0.049
82,디저트카페_동양염전베이커리카페_1082.jpg,restaurant,0.3929,garden,0.3588,bar,0.049
83,디저트카페_마롱브런치&베이커리카페_495.jpg,restaurant,0.1694,theater,0.1601,museum,0.0946
84,디저트카페_마롱브런치&베이커리카페_496.jpg,korean palace,0.3789,department store,0.1494,cinema,0.0953
85,디저트카페_바다와풍경_490.jpg,korean palace,0.6104,park,0.0762,festival,0.0342
86,디저트카페_바다와풍경_491.jpg,harbor,0.738,ocean,0.155,festival,0.0376
87,디저트카페_보스커피&브런치_12.jpg,restaurant,0.7545,market,0.0771,bar,0.0335
88,디저트카페_브런치카페 이엘_1507.jpg,bar,0.3003,alley,0.1201,tower,0.0892
89,디저트카페_브룩스_1543.jpg,bar,0.2978,gallery,0.2253,waterfall,0.1395
90,디저트카페_빠르끄 풍동본점_575.jpg,korean palace,0.9115,restaurant,0.052,market,0.0158
91,디저트카페_빠르끄 풍동본점_576.jpg,restaurant,0.7596,korean palace,0.0642,market,0.0344
92,디저트카페_빠르끄 풍동본점_577.jpg,bakery,0.4851,restaurant,0.1642,market,0.0892
93,디저트카페_스타골목커피_1397.jpg,amusement park,0.2969,korean palace,0.2223,festival,0.1872
94,디저트카페_스타골목커피_1398.jpg,festival,0.4014,amusement park,0.2706,korean palace,0.0997
95,디저트카페_스타골목커피_1399.jpg,garden,0.245,forest,0.2063,festival,0.0583
96,디저트카페_어로프슬라이스피스_551.jpg,bakery,0.8431,bar,0.0399,restaurant,0.0358
97,디저트카페_어로프슬라이스피스_552.jpg,restaurant,0.4415,market,0.1126,department store,0.0921
98,디저트카페_어로프슬라이스피스_553.jpg,restaurant,0.2633,park,0.0907,bar,0.0827
99,디저트카페_에테르_1476.jpg,restaurant,0.2949,bar,0.21,tower,0.0892
100,디저트카페_우즈베이커리_1559.jpg,korean palace,0.4648,restaurant,0.4065,bar,0.0376
101,디저트카페_우즈베이커리카페 수성호수점_1930.jpg,bakery,0.9888,market,0.0051,department store,0.0021
102,디저트카페_우즈베이커리카페 수성호수점_1931.jpg,restaurant,0.3093,gallery,0.1359,department store,0.1212
103,디저트카페_이진상회_545.jpg,korean palace,0.6201,restaurant,0.2295,market,0.0264
104,디저트카페_이진상회_546.jpg,korean palace,0.2454,restaurant,0.1597,temple,0.1084
105,디저트카페_이진상회_547.jpg,korean palace,0.7157,garden,0.075,restaurant,0.0662
106,디저트카페_인스퍼레이션디 동촌유원지점_1950.jpg,bakery,0.8484,cinema,0.0339,restaurant,0.0272
107,디저트카페_인스퍼레이션디 동촌유원지점_1951.jpg,restaurant,0.3286,bar,0.2172,harbor,0.0801
108,디저트카페_초이스엠_1944.jpg,department store,0.3249,restaurant,0.1635,cinema,0.1036
109,디저트카페_초이스엠_1945.jpg,bakery,0.9907,market,0.0062,department store,0.0008
110,디저트카페_초이스엠_1946.jpg,department store,0.169,stadium,0.1422,temple,0.1043
111,디저트카페_카페 레드브리끄_478.jpg,restaurant,0.5846,department store,0.1155,cinema,0.0841
112,디저트카페_토지베이커리브런치카페_499.jpg,restaurant,0.6998,market,0.1705,park,0.025
113,디저트카페_토지베이커리브런치카페_500.jpg,restaurant,0.5866,bar,0.2603,korean palace,0.0469
114,디저트카페_포레스트아웃팅스 송도점_1062.jpg,department store,0.7991,gallery,0.0268,garden,0.0234
115,디저트카페_포레스트아웃팅스 송도점_1063.jpg,forest,0.7169,korean palace,0.1855,festival,0.0306
116,디저트카페_프릳츠 도화점_52.jpg,restaurant,0.512,korean palace,0.1334,bar,0.1136
117,디저트카페_프릳츠 도화점_53.jpg,korean palace,0.4934,restaurant,0.2518,bakery,0.0783
118,디저트카페_프릳츠 도화점_54.jpg,bar,0.1521,zoo,0.1486,restaurant,0.114
119,떡볶이_골목떡볶이_367.jpg,market,0.4548,street,0.1522,korean palace,0.1359
120,"릉,묘,총_김포장릉_790.jpg",trail,0.6068,park,0.1395,forest,0.1251
121,"릉,묘,총_동구릉_770.jpg",korean palace,0.6781,temple,0.0976,fountain,0.0605
122,"릉,묘,총_동구릉_771.jpg",korean palace,0.7446,temple,0.1346,festival,0.0284
123,"릉,묘,총_동구릉_772.jpg",korean palace,0.6508,temple,0.0774,museum,0.0457
124,"릉,묘,총_서오릉_773.jpg",korean palace,0.9956,temple,0.0025,park,0.0006
125,"릉,묘,총_서오릉_774.jpg",temple,0.4625,korean palace,0.2185,museum,0.067
126,"릉,묘,총_서오릉_775.jpg",park,0.4907,forest,0.1829,trail,0.1698
127,"릉,묘,총_서울선릉과정릉_259.jpg",park,0.526,korean palace,0.3418,stadium,0.0415
128,"릉,묘,총_서울선릉과정릉_260.jpg",street,0.1679,fountain,0.0877,gallery,0.0798
129,"릉,묘,총_서울선릉과정릉_261.jpg",park,0.5732,korean palace,0.1787,garden,0.1335
130,"릉,묘,총_연산동고분군_1710.jpg",korean palace,0.7732,park,0.1045,garden,0.0432
131,"릉,묘,총_연산동고분군_1711.jpg",museum,0.5089,korean palace,0.3473,gallery,0.094
132,"릉,묘,총_연산동고분군_1712.jpg",korean palace,0.3617,temple,0.2047,forest,0.0978
133,"릉,묘,총_영녕릉 세종대왕유적지구 세종대왕릉_786.jpg",korean palace,0.3143,forest,0.081,gallery,0.0797
134,"릉,묘,총_화성융릉과건릉_776.jpg",park,0.2991,trail,0.1928,korean palace,0.172
135,"릉,묘,총_화성융릉과건릉_777.jpg",museum,0.6412,korean palace,0.1609,gallery,0.1157
136,"릉,묘,총_화성융릉과건릉_778.jpg",korean palace,0.9503,museum,0.0331,gallery,0.006
137,문_광화문_247.jpg,street,0.4124,department store,0.1487,market,0.097
138,문_광화문_248.jpg,korean palace,0.8922,market,0.0417,street,0.0211
139,문_광화문_249.jpg,tower,0.4808,fountain,0.2174,cinema,0.0555
140,문_금정산성 남문_1696.jpg,korean palace,0.9844,temple,0.0137,palace,0.0004
141,문_독립문_270.jpg,korean palace,0.398,temple,0.2705,park,0.1031
142,문_독립문_271.jpg,korean palace,0.2206,theater,0.1957,gallery,0.1855
143,문_독립문_272.jpg,korean palace,0.9418,palace,0.0141,market,0.0088
144,문_수원화성 장안문_782.jpg,korean palace,0.9043,trail,0.0261,park,0.0141
145,문_수원화성 장안문_783.jpg,korean palace,0.9955,temple,0.0021,tower,0.001
146,문_수원화성 장안문_784.jpg,korean palace,0.6436,amusement park,0.2057,park,0.0645
147,문_수원화성 팔달문_794.jpg,korean palace,0.8176,market,0.0284,temple,0.0283
148,문_수원화성 팔달문_795.jpg,korean palace,0.9825,festival,0.0054,palace,0.0027
149,문_수원화성 팔달문_796.jpg,korean palace,0.989,tower,0.0028,temple,0.0018
150,문_숭례문_253.jpg,korean palace,0.1952,temple,0.1389,palace,0.1264
151,문_숭례문_254.jpg,fountain,0.2534,park,0.1936,temple,0.0853
152,문_숭례문_255.jpg,korean palace,0.9304,park,0.037,garden,0.015
153,문_홍예문_1262.jpg,alley,0.2176,park,0.1255,trail,0.1233
154,문_홍예문_1264.jpg,garden,0.3466,alley,0.286,waterfall,0.048
155,문_흥인지문_257.jpg,park,0.226,korean palace,0.1378,fountain,0.1091
156,문_흥인지문_258.jpg,tower,0.2561,korean palace,0.1964,market,0.1089
157,문화유적_고려궁지_1230.jpg,korean palace,0.9495,temple,0.0457,palace,0.0013
158,문화유적_고려궁지_1231.jpg,korean palace,0.4103,temple,0.3802,observatory,0.0528
159,문화유적_고려궁지_1232.jpg,korean palace,0.8922,temple,0.071,palace,0.0052
160,문화유적_서울암사동유적_273.jpg,bakery,0.8994,market,0.063,restaurant,0.0169
161,문화유적_서울암사동유적_274.jpg,theater,0.2483,cinema,0.2389,bar,0.1966
162,문화유적_서울암사동유적_275.jpg,garden,0.3875,forest,0.3261,park,0.1015
163,문화유적_석파정_263.jpg,museum,0.3518,restaurant,0.1399,temple,0.1309
164,문화유적_연미정_1226.jpg,korean palace,0.6196,garden,0.1314,park,0.0397
165,문화유적_외양포진지_1701.jpg,museum,0.4411,zoo,0.1957,gallery,0.0673
166,문화유적_외양포진지_1702.jpg,korean palace,0.7512,amusement park,0.0695,restaurant,0.0481
167,문화유적_외양포진지_1703.jpg,korean palace,0.8583,museum,0.0982,zoo,0.0083
168,문화유적_원인재_1247.jpg,korean palace,0.9731,temple,0.0225,museum,0.0014
169,문화유적_원인재_1248.jpg,korean palace,0.3788,restaurant,0.2583,garden,0.1395
170,문화유적_원인재_1249.jpg,korean palace,0.9626,temple,0.0304,palace,0.0013
171,문화유적_장수동 은행나무_1236.jpg,park,0.719,garden,0.0494,gallery,0.047
172,문화유적_장수동 은행나무_1238.jpg,park,0.2028,tower,0.1205,temple,0.0782
173,문화유적_정약용유적지_791.jpg,korean palace,0.8026,park,0.0512,amusement park,0.027
174,문화유적_정약용유적지_792.jpg,korean palace,0.6493,temple,0.1334,festival,0.0636
175,문화유적_정약용유적지_793.jpg,park,0.7084,stadium,0.0636,korean palace,0.0455
176,문화유적_충렬사_1680.jpg,korean palace,0.9918,temple,0.007,palace,0.0005
177,문화유적_충렬사_1681.jpg,korean palace,0.291,temple,0.2175,restaurant,0.1175
178,문화유적_충렬사_1682.jpg,korean palace,0.9728,temple,0.015,garden,0.0046
179,문화유적_해월정_1700.jpg,zoo,0.1327,gallery,0.1253,park,0.1008
180,미술관_가나아트파크_696.jpg,park,0.3739,zoo,0.1925,garden,0.0733
181,미술관_가나아트파크_697.jpg,gallery,0.1229,park,0.1053,garden,0.1032
182,미술관_가나아트파크_698.jpg,restaurant,0.22,museum,0.1243,bar,0.0913
183,미술관_간송미술관_190.jpg,fountain,0.2977,temple,0.2475,garden,0.2448
184,미술관_간송미술관_191.jpg,fountain,0.4772,tower,0.3002,temple,0.0855
185,미술관_간송미술관_192.jpg,tower,0.3403,fountain,0.327,temple,0.1896
186,미술관_경기도미술관_683.jpg,harbor,0.2272,bar,0.1514,gallery,0.1105
187,미술관_경기도미술관_684.jpg,korean palace,0.2463,festival,0.2102,museum,0.0846
188,미술관_경기도미술관_685.jpg,theater,0.1522,gallery,0.1306,museum,0.0753
189,미술관_경원미술관_1158.jpg,korean palace,0.6291,restaurant,0.2105,market,0.0484
190,미술관_경원미술관_1159.jpg,korean palace,0.8709,temple,0.0538,restaurant,0.0435
191,미술관_경원미술관_1160.jpg,department store,0.7327,cinema,0.0997,gallery,0.0456
192,미술관_고은사진미술관_1608.jpg,museum,0.4777,gallery,0.1982,korean palace,0.1358
193,미술관_고은사진미술관_1609.jpg,street,0.2932,department store,0.1328,market,0.1113
194,미술관_고은사진미술관_1610.jpg,gallery,0.7626,museum,0.096,cinema,0.0863
195,미술관_구하우스미술관_689.jpg,zoo,0.2459,gallery,0.0919,museum,0.0777
196,미술관_국립현대미술관 과천_673.jpg,museum,0.5965,observatory,0.0914,theater,0.0907
197,미술관_국립현대미술관 서울_156.jpg,korean palace,0.2255,museum,0.1656,temple,0.1069
198,미술관_국제갤러리 부산지점_1635.jpg,festival,0.9357,korean palace,0.0537,museum,0.0031
199,미술관_국제갤러리 부산지점_1636.jpg,gallery,0.9617,museum,0.0309,korean palace,0.0019
200,미술관_국제갤러리 부산지점_1637.jpg,korean palace,0.2864,tower,0.2568,department store,0.1283
201,미술관_금련산갤러리_1638.jpg,korean palace,0.3283,trail,0.1459,temple,0.1257
202,미술관_금련산갤러리_1639.jpg,korean palace,0.713,gallery,0.0869,park,0.0413
203,미술관_금련산갤러리_1640.jpg,gallery,0.2949,theater,0.0749,market,0.0707
204,미술관_금정문화회관 금샘미술관_1620.jpg,festival,0.2544,korean palace,0.2439,park,0.1421
205,미술관_금정문화회관 금샘미술관_1621.jpg,korean palace,0.477,gallery,0.2411,museum,0.05
206,미술관_금정문화회관 금샘미술관_1622.jpg,korean palace,0.4242,festival,0.1486,museum,0.0992
207,미술관_김홍도미술관_705.jpg,korean palace,0.5814,tower,0.1097,palace,0.0812
208,미술관_김홍도미술관_706.jpg,restaurant,0.2439,cinema,0.1544,market,0.077
209,미술관_대구간송미술관_1995.jpg,korean palace,0.184,restaurant,0.1558,fountain,0.1259
210,미술관_대구간송미술관_1996.jpg,korean palace,0.2445,market,0.1908,trail,0.0751
211,미술관_대구간송미술관_1997.jpg,korean palace,0.8203,stadium,0.0244,temple,0.022
212,미술관_대구미술관_1992.jpg,gallery,0.4943,museum,0.3779,department store,0.0261
213,미술관_대구미술관_1993.jpg,gallery,0.8196,museum,0.1243,market,0.0086
214,미술관_대구미술관_1994.jpg,gallery,0.881,museum,0.1077,korean palace,0.0075
215,미술관_대림미술관_188.jpg,gallery,0.8847,museum,0.0674,korean palace,0.0326
216,미술관_대림미술관_189.jpg,gallery,0.3485,korean palace,0.1477,museum,0.0987
217,미술관_더리미미술관_1144.jpg,restaurant,0.4443,gallery,0.1514,bar,0.0783
218,미술관_더리미미술관_1145.jpg,gallery,0.8536,museum,0.1322,korean palace,0.0052
219,미술관_디뮤지엄_181.jpg,gallery,0.222,ocean,0.1219,festival,0.0807
220,미술관_랄프깁슨 사진미술관_1629.jpg,gallery,0.2036,market,0.13,department store,0.0803
221,미술관_리움미술관_150.jpg,theater,0.2927,gallery,0.2714,museum,0.0644
222,미술관_리움미술관_152.jpg,museum,0.4362,gallery,0.1388,korean palace,0.0667
223,미술관_뮤지엄원_1615.jpg,palace,0.1617,gallery,0.1196,museum,0.1132
224,미술관_뮤지엄원_1616.jpg,korean palace,0.348,trail,0.0747,gallery,0.0711
225,미술관_미메시스아트뮤지엄_679.jpg,gallery,0.5636,museum,0.3919,korean palace,0.0173
226,미술관_부산시립미술관 (휴관중)_1605.jpg,gallery,0.2376,korean palace,0.1268,museum,0.1084
227,미술관_부산시립미술관 이우환공간_1623.jpg,korean palace,0.3278,museum,0.1482,palace,0.1122
228,미술관_부산시립미술관 이우환공간_1624.jpg,garden,0.1845,park,0.1792,fountain,0.1705
229,미술관_부산시립미술관 이우환공간_1625.jpg,gallery,0.2762,fountain,0.1655,ocean,0.1634
230,미술관_부산현대미술관_1611.jpg,market,0.4012,gallery,0.1064,theater,0.0932
231,미술관_부산현대미술관_1612.jpg,museum,0.2386,stadium,0.1361,forest,0.0881
232,미술관_부평아트센터 꽃누리갤러리_1153.jpg,korean palace,0.5842,gallery,0.215,museum,0.0909
233,미술관_서면미술관_1617.jpg,korean palace,0.2071,gallery,0.1655,observatory,0.1442
234,미술관_서면미술관_1618.jpg,observatory,0.1856,korean palace,0.184,gallery,0.1228
235,미술관_서울시립 북서울미술관_179.jpg,festival,0.3693,korean palace,0.1348,theater,0.1144
236,미술관_서울시립 북서울미술관_180.jpg,museum,0.6165,gallery,0.2764,korean palace,0.061
237,미술관_서울시립 사진미술관_193.jpg,korean palace,0.8608,museum,0.0534,cinema,0.0188
238,미술관_서울시립 사진미술관_194.jpg,korean palace,0.4088,festival,0.1164,theater,0.0682
239,미술관_서울시립 사진미술관_195.jpg,gallery,0.6758,museum,0.2994,korean palace,0.007
240,미술관_서울시립미술관 서소문본관_159.jpg,palace,0.4295,department store,0.132,stadium,0.0921
241,미술관_서울시립미술관 서소문본관_160.jpg,gallery,0.5833,museum,0.3907,korean palace,0.0081
242,미술관_서울시립미술관 서소문본관_161.jpg,gallery,0.5833,museum,0.3907,korean palace,0.0081
243,미술관_서울시립미술관 서소문본관_162.jpg,korean palace,0.4598,festival,0.1021,market,0.0947
244,미술관_석모도갤러리_1168.jpg,korean palace,0.7367,restaurant,0.1394,market,0.0449
245,미술관_석파정 서울미술관_169.jpg,korean palace,0.1931,forest,0.1461,festival,0.1235
246,미술관_석파정 서울미술관_170.jpg,garden,0.2586,restaurant,0.1248,market,0.1096
247,미술관_석파정 서울미술관_171.jpg,korean palace,0.4096,museum,0.1202,gallery,0.1096
248,미술관_성남큐브미술관_701.jpg,gallery,0.4308,museum,0.2529,observatory,0.1006
249,미술관_송암미술관_1135.jpg,museum,0.5112,temple,0.1265,gallery,0.1161
250,미술관_송암미술관_1136.jpg,korean palace,0.8562,fountain,0.0525,museum,0.0316
251,미술관_수원시립미술관_674.jpg,korean palace,0.8975,amusement park,0.0373,museum,0.0133
252,미술관_수원시립미술관_675.jpg,korean palace,0.4158,park,0.1086,river,0.0705
253,미술관_수원시립미술관_676.jpg,museum,0.4509,gallery,0.232,fountain,0.1312
254,미술관_스페인마을 갤러리_1151.jpg,festival,0.1684,korean palace,0.1369,park,0.1293
255,미술관_아모레퍼시픽미술관_175.jpg,cinema,0.3178,gallery,0.1967,museum,0.1403
256,미술관_아트KMJ갤러리_1170.jpg,korean palace,0.7648,gallery,0.0475,tower,0.0245
257,미술관_양주시립장욱진미술관_680.jpg,temple,0.2321,tower,0.1682,cinema,0.0956
258,미술관_양주시립장욱진미술관_681.jpg,trail,0.2726,tower,0.2535,park,0.1367
259,미술관_양주시립장욱진미술관_682.jpg,korean palace,0.4896,museum,0.2219,cinema,0.0533
260,미술관_양평군립미술관_693.jpg,amusement park,0.4948,cinema,0.1671,korean palace,0.1573
261,미술관_양평군립미술관_694.jpg,harbor,0.4232,gallery,0.209,ocean,0.0916
262,미술관_양평군립미술관_695.jpg,gallery,0.9878,museum,0.0088,market,0.0007
263,미술관_예술의전당 한가람미술관_164.jpg,korean palace,0.5645,market,0.1015,gallery,0.0958
264,미술관_예술의전당 한가람미술관_165.jpg,korean palace,0.3898,market,0.148,stadium,0.0496
265,미술관_오산시립미술관_708.jpg,korean palace,0.4186,museum,0.1559,department store,0.1306
266,미술관_오산시립미술관_710.jpg,gallery,0.6723,museum,0.1808,zoo,0.0263
267,미술관_우현문갤러리_1161.jpg,gallery,0.2895,museum,0.2394,cinema,0.0936
268,미술관_우현문갤러리_1162.jpg,gallery,0.6307,museum,0.0926,ocean,0.0694
269,미술관_우현문갤러리_1163.jpg,gallery,0.9006,museum,0.065,market,0.0047
270,미술관_유리섬_686.jpg,museum,0.3826,gallery,0.3293,theater,0.0562
271,미술관_유리섬_687.jpg,korean palace,0.5625,bar,0.115,bakery,0.1034
272,미술관_유리섬_688.jpg,gallery,0.5768,museum,0.1307,bar,0.0415
273,미술관_전원미술관_1173.jpg,korean palace,0.5475,street,0.0844,restaurant,0.0611
274,미술관_전원미술관_1174.jpg,korean palace,0.6057,restaurant,0.1651,museum,0.0433
275,미술관_전원미술관_1175.jpg,korean palace,0.4631,restaurant,0.2021,museum,0.1089
276,미술관_정서진아트큐브_1155.jpg,palace,0.2537,festival,0.0986,theater,0.0863
277,미술관_정서진아트큐브_1156.jpg,korean palace,0.9622,garden,0.0134,gallery,0.0055
278,미술관_참살이미술관_1146.jpg,market,0.3051,gallery,0.1804,festival,0.09
279,미술관_참살이미술관_1147.jpg,museum,0.3872,gallery,0.3486,cinema,0.0794
280,미술관_참살이미술관_1148.jpg,korean palace,0.7901,restaurant,0.0418,museum,0.0267
281,미술관_채플갤러리_1137.jpg,gallery,0.8983,museum,0.0579,ocean,0.0046
282,미술관_채플갤러리_1138.jpg,gallery,0.5254,ocean,0.105,museum,0.0751
283,미술관_채플갤러리_1139.jpg,gallery,0.9675,museum,0.0235,korean palace,0.0016
284,미술관_포레리움_704.jpg,palace,0.1687,observatory,0.143,museum,0.1211
285,미술관_한두뼘12갤러리_1176.jpg,bakery,0.8726,restaurant,0.0608,bar,0.0255
286,미술관_한새갤러리_1646.jpg,alley,0.7858,street,0.0824,korean palace,0.0365
287,미술관_호암미술관_668.jpg,korean palace,0.9976,temple,0.001,park,0.0006
288,미술관_호암미술관_669.jpg,korean palace,0.7483,temple,0.193,garden,0.0301
289,미술관_호암미술관_670.jpg,garden,0.4348,trail,0.1579,forest,0.1074
290,박물관_강화역사박물관_1190.jpg,museum,0.4823,gallery,0.2842,korean palace,0.0627
291,박물관_강화역사박물관_1191.jpg,korean palace,0.2423,stadium,0.1705,museum,0.1647
292,박물관_강화자연사박물관_1199.jpg,gallery,0.4559,museum,0.3148,department store,0.0383
293,박물관_강화자연사박물관_1200.jpg,gallery,0.4218,museum,0.2231,cinema,0.0737
294,박물관_강화전쟁박물관_1210.jpg,museum,0.5548,korean palace,0.2003,gallery,0.1853
295,박물관_강화전쟁박물관_1212.jpg,korean palace,0.9845,palace,0.003,museum,0.0029
296,박물관_검단선사박물관_1207.jpg,museum,0.7763,gallery,0.1526,korean palace,0.0405
297,박물관_검단선사박물관_1208.jpg,festival,0.6732,korean palace,0.1272,amusement park,0.0329
298,박물관_검단선사박물관_1209.jpg,museum,0.2319,temple,0.0874,gallery,0.0852
299,박물관_경기도어린이박물관_723.jpg,korean palace,0.5871,tower,0.1306,market,0.0645
300,박물관_경기도어린이박물관_724.jpg,korean palace,0.9735,gallery,0.0047,museum,0.0044
301,박물관_경기도어린이박물관_725.jpg,korean palace,0.9215,festival,0.044,amusement park,0.011
302,박물관_경기북부어린이박물관_747.jpg,department store,0.4738,theater,0.1281,stadium,0.0918
303,박물관_경기북부어린이박물관_748.jpg,festival,0.8271,korean palace,0.0422,amusement park,0.032
304,박물관_경기북부어린이박물관_749.jpg,korean palace,0.9409,palace,0.0084,museum,0.0068
305,박물관_계양산성박물관_1213.jpg,museum,0.8007,gallery,0.1117,korean palace,0.0625
306,박물관_계양산성박물관_1214.jpg,korean palace,0.2456,festival,0.1887,gallery,0.0828
307,박물관_고양어린이박물관_730.jpg,zoo,0.3662,forest,0.1333,park,0.1219
308,박물관_고양어린이박물관_731.jpg,zoo,0.3566,gallery,0.1462,forest,0.1212
309,박물관_국립고궁박물관_208.jpg,museum,0.4964,korean palace,0.3622,gallery,0.0844
310,박물관_국립고궁박물관_209.jpg,amusement park,0.1678,gallery,0.1475,korean palace,0.1457
311,박물관_국립농업박물관_741.jpg,korean palace,0.3018,garden,0.157,festival,0.0926
312,박물관_국립농업박물관_742.jpg,korean palace,0.9793,garden,0.0084,park,0.004
313,박물관_국립농업박물관_743.jpg,bar,0.2525,restaurant,0.2022,stadium,0.0811
314,박물관_국립민속박물관 본관_206.jpg,korean palace,0.7066,park,0.1213,amusement park,0.0274
315,박물관_국립세계문자박물관_1192.jpg,museum,0.1711,korean palace,0.1399,festival,0.1039
316,박물관_국립세계문자박물관_1193.jpg,fountain,0.9334,waterfall,0.0293,korean palace,0.0204
317,박물관_국립세계문자박물관_1194.jpg,korean palace,0.2927,park,0.2335,stadium,0.1249
318,박물관_국립인천해양박물관_1186.jpg,ocean,0.5505,museum,0.0746,amusement park,0.0631
319,박물관_국립인천해양박물관_1188.jpg,korean palace,0.9282,museum,0.0224,palace,0.0127
320,박물관_국립중앙박물관_199.jpg,temple,0.4177,gallery,0.1842,museum,0.1175
321,박물관_국립중앙박물관_201.jpg,korean palace,0.1106,museum,0.0943,garden,0.083
322,박물관_국립항공박물관_223.jpg,observatory,0.2195,gallery,0.1383,cinema,0.1127
323,박물관_국립항공박물관_224.jpg,korean palace,0.8948,museum,0.0502,gallery,0.0276
324,박물관_국립해양박물관_1668.jpg,stadium,0.653,theater,0.0974,museum,0.0972
325,박물관_국립해양박물관_1669.jpg,ocean,0.2394,zoo,0.2349,river,0.1029
326,박물관_국립해양박물관_1670.jpg,museum,0.722,harbor,0.1304,gallery,0.0918
327,박물관_대한민국역사박물관_202.jpg,department store,0.2124,museum,0.1839,korean palace,0.1587
328,박물관_대한민국역사박물관_204.jpg,gallery,0.7067,museum,0.1416,cinema,0.0588
329,박물관_부산영화체험박물관_1662.jpg,amusement park,0.9091,korean palace,0.0358,zoo,0.0173
330,박물관_부산영화체험박물관_1663.jpg,amusement park,0.8986,korean palace,0.0282,zoo,0.0224
331,박물관_부산영화체험박물관_1664.jpg,korean palace,0.4333,museum,0.2224,cinema,0.1139
332,박물관_부산장난감박물관_1656.jpg,gallery,0.6545,korean palace,0.0806,museum,0.0676
333,박물관_부산커피박물관_1672.jpg,bakery,0.5456,bar,0.2299,restaurant,0.0738
334,박물관_부산커피박물관_1673.jpg,bar,0.2285,restaurant,0.1424,fountain,0.1135
335,박물관_부평역사박물관_1180.jpg,korean palace,0.8463,restaurant,0.0733,theater,0.018
336,박물관_부평역사박물관_1181.jpg,korean palace,0.9815,temple,0.006,palace,0.0029
337,박물관_삼성화재 모빌리티뮤지엄_714.jpg,museum,0.4532,gallery,0.4093,department store,0.0222
338,박물관_서대문자연사박물관_214.jpg,museum,0.8796,gallery,0.0299,zoo,0.029
339,박물관_서대문자연사박물관_216.jpg,zoo,0.4464,fountain,0.1679,museum,0.1657
340,박물관_서소문성지역사박물관_211.jpg,tower,0.3177,garden,0.1795,temple,0.1446
341,박물관_서소문성지역사박물관_212.jpg,korean palace,0.7742,garden,0.0301,amusement park,0.0236
342,박물관_서울공예박물관_235.jpg,korean palace,0.9869,park,0.0041,palace,0.0014
343,박물관_서울공예박물관_236.jpg,gallery,0.201,korean palace,0.1416,fountain,0.1287
344,박물관_서울공예박물관_237.jpg,forest,0.2141,department store,0.1599,tower,0.1424
345,박물관_서울생활사박물관_226.jpg,museum,0.3643,palace,0.2724,festival,0.1613
346,박물관_서울생활사박물관_227.jpg,festival,0.6369,korean palace,0.0752,zoo,0.0661
347,박물관_서울생활사박물관_228.jpg,bakery,0.3112,zoo,0.1823,gallery,0.111
348,박물관_서울역사박물관_197.jpg,palace,0.3859,museum,0.2103,gallery,0.1236
349,박물관_서울역사박물관_198.jpg,korean palace,0.9502,palace,0.0057,market,0.0051
350,박물관_송파책박물관_239.jpg,gallery,0.3434,department store,0.1761,bakery,0.1052
351,박물관_송파책박물관_240.jpg,gallery,0.3592,museum,0.1101,bar,0.1039
352,박물관_수원광교박물관_751.jpg,korean palace,0.6853,tower,0.0514,gallery,0.0491
353,박물관_수원박물관_753.jpg,korean palace,0.9712,park,0.0068,museum,0.0034
354,박물관_수원박물관_754.jpg,tower,0.2684,market,0.0802,street,0.0786
355,박물관_수원박물관_755.jpg,korean palace,0.9824,museum,0.0105,temple,0.0026
356,박물관_수원화성박물관_733.jpg,korean palace,0.9706,palace,0.0061,theater,0.0036
357,박물관_수원화성박물관_734.jpg,korean palace,0.4527,museum,0.1209,theater,0.0714
358,박물관_여주곤충박물관_744.jpg,museum,0.4483,korean palace,0.229,gallery,0.1403
359,박물관_영종역사관_1204.jpg,gallery,0.7639,museum,0.187,korean palace,0.0119
360,박물관_영종역사관_1206.jpg,korean palace,0.9785,festival,0.0056,museum,0.0039
361,박물관_인천광역시립박물관_1177.jpg,korean palace,0.2739,bakery,0.2367,restaurant,0.0828
362,박물관_인천광역시립박물관_1178.jpg,korean palace,0.6904,gallery,0.112,museum,0.0752
363,박물관_인천광역시립박물관_1179.jpg,korean palace,0.4267,amusement park,0.2094,festival,0.0749
364,박물관_인천어린이박물관_1216.jpg,korean palace,0.7642,stadium,0.0913,museum,0.0511
365,박물관_인천어린이박물관_1217.jpg,korean palace,0.8037,park,0.0455,temple,0.0169
366,박물관_인천어린이박물관_1218.jpg,korean palace,0.687,amusement park,0.0756,stadium,0.0323
367,박물관_전곡선사박물관_738.jpg,korean palace,0.8481,festival,0.0476,museum,0.0156
368,박물관_전곡선사박물관_739.jpg,korean palace,0.3433,festival,0.2783,amusement park,0.177
369,박물관_전곡선사박물관_740.jpg,korean palace,0.5782,cinema,0.0472,market,0.0375
370,박물관_증권박물관 부산관_1676.jpg,gallery,0.2913,korean palace,0.138,museum,0.1
371,박물관_짜장면박물관_1195.jpg,alley,0.3349,korean palace,0.2273,street,0.0652
372,박물관_짜장면박물관_1197.jpg,korean palace,0.7234,bakery,0.075,restaurant,0.0671
373,박물관_철도박물관_717.jpg,museum,0.7213,gallery,0.1098,korean palace,0.1035
374,박물관_철도박물관_718.jpg,restaurant,0.3263,market,0.1864,korean palace,0.1056
375,박물관_철도박물관_719.jpg,korean palace,0.655,restaurant,0.1743,department store,0.0801
376,박물관_청계천박물관_232.jpg,korean palace,0.9318,museum,0.0379,tower,0.0054
377,박물관_청계천박물관_234.jpg,korean palace,0.9033,museum,0.0853,gallery,0.0071
378,박물관_한국근대문학관_1219.jpg,museum,0.1959,temple,0.1209,theater,0.1091
379,박물관_한국근현대사박물관_737.jpg,korean palace,0.2093,trail,0.1582,river,0.1421
380,박물관_한국만화박물관_713.jpg,korean palace,0.331,department store,0.283,stadium,0.1796
381,박물관_한국은행 화폐박물관_217.jpg,korean palace,0.6311,market,0.0768,stadium,0.0413
382,박물관_한국은행 화폐박물관_218.jpg,korean palace,0.9416,park,0.0164,museum,0.0132
383,박물관_한국은행 화폐박물관_219.jpg,korean palace,0.9054,museum,0.042,amusement park,0.0083
384,박물관_한국이민사박물관_1202.jpg,korean palace,0.7403,restaurant,0.0531,museum,0.0363
385,박물관_한국이민사박물관_1203.jpg,korean palace,0.6987,museum,0.1542,temple,0.0623
386,박물관_한성백제박물관_220.jpg,korean palace,0.5883,stadium,0.1195,park,0.053
387,박물관_한성백제박물관_221.jpg,museum,0.3868,korean palace,0.342,gallery,0.0994
388,박물관_허준박물관_229.jpg,museum,0.6058,korean palace,0.1902,theater,0.0191
389,박물관_허준박물관_230.jpg,museum,0.4638,korean palace,0.2539,gallery,0.1202
390,박물관_허준박물관_231.jpg,korean palace,0.8589,temple,0.0341,restaurant,0.0209
391,봉수대_황령산 봉수대_1677.jpg,korean palace,0.4337,observatory,0.1404,harbor,0.0572
392,봉수대_황령산 봉수대_1678.jpg,korean palace,0.6411,tower,0.1462,observatory,0.0617
393,봉수대_황령산 봉수대_1679.jpg,korean palace,0.5925,park,0.2231,tower,0.0281
394,뷔페_서울신라호텔 더 파크뷰_34.jpg,bakery,0.5544,restaurant,0.2486,bar,0.0858
395,뷔페_서울신라호텔 더 파크뷰_35.jpg,bakery,0.5768,restaurant,0.2573,korean palace,0.0648
396,뷔페_서울신라호텔 더 파크뷰_36.jpg,restaurant,0.4531,market,0.1209,korean palace,0.0832
397,브런치빈_브런치빈 삼산점_1034.jpg,restaurant,0.7262,bakery,0.0528,market,0.0421
398,브런치빈_브런치빈 송파점_13.jpg,restaurant,0.7625,market,0.0893,bakery,0.0471
399,"사당,제단_오랑대_1689.jpg",ocean,0.3358,tower,0.236,temple,0.0617
400,"사당,제단_종묘_250.jpg",korean palace,0.8123,temple,0.049,park,0.0436
401,"사당,제단_종묘_251.jpg",korean palace,0.5108,tower,0.158,market,0.1046
402,"사당,제단_종묘_252.jpg",korean palace,0.8952,museum,0.0337,temple,0.0116
403,"사당,제단_참성단_1256.jpg",korean palace,0.9517,ocean,0.029,harbor,0.005
404,"사당,제단_참성단_1257.jpg",festival,0.4262,korean palace,0.1561,theater,0.082
405,"사당,제단_참성단_1258.jpg",korean palace,0.7809,museum,0.0582,observatory,0.0426
406,"산성,성곽_금정산성 동문_1686.jpg",korean palace,0.2856,restaurant,0.2598,festival,0.0989
407,"산성,성곽_금정산성 동문_1687.jpg",park,0.2985,korean palace,0.1716,zoo,0.0813
408,"산성,성곽_금정산성 동문_1688.jpg",garden,0.2722,park,0.0994,festival,0.0913
409,"산성,성곽_남한산성_761.jpg",trail,0.3518,river,0.1547,market,0.0585
410,"산성,성곽_남한산성_762.jpg",trail,0.7672,forest,0.1933,river,0.0093
411,"산성,성곽_남한산성_763.jpg",korean palace,0.9169,temple,0.0418,fountain,0.0105
412,"산성,성곽_부산진성_1707.jpg",korean palace,0.9746,temple,0.0128,palace,0.0036
413,"산성,성곽_부산진성_1708.jpg",korean palace,0.6203,festival,0.0794,tower,0.0375
414,"산성,성곽_부산진성_1709.jpg",korean palace,0.3483,restaurant,0.1309,temple,0.0766
415,"산성,성곽_분오리돈대_1244.jpg",korean palace,0.979,amusement park,0.0034,tower,0.0025
416,"산성,성곽_분오리돈대_1246.jpg",temple,0.3246,observatory,0.1481,tower,0.1062
417,"산성,성곽_수원화성_756.jpg",korean palace,0.7619,festival,0.1606,park,0.0154
418,"산성,성곽_수원화성_758.jpg",tower,0.6735,observatory,0.1126,harbor,0.0512
419,"산성,성곽_연천호로고루_779.jpg",museum,0.3165,gallery,0.2309,zoo,0.0722
420,"산성,성곽_초지진_1229.jpg",restaurant,0.4994,korean palace,0.2015,bar,0.0396
421,"산성,성곽_행주산성_764.jpg",korean palace,0.8721,museum,0.0393,amusement park,0.016
422,"산성,성곽_행주산성_765.jpg",street,0.5014,park,0.1833,korean palace,0.1043
423,"산성,성곽_행주산성_766.jpg",fountain,0.4067,korean palace,0.1067,museum,0.1037
424,삼겹살_골목고깃집_902.jpg,korean palace,0.4509,restaurant,0.1535,festival,0.0733
425,삼겹살_골목식당_890.jpg,bakery,0.4752,restaurant,0.1254,market,0.0656
426,삼겹살_골목식당_891.jpg,korean palace,0.7663,gallery,0.0376,museum,0.0337
427,삼겹살_골목식당_892.jpg,cinema,0.3567,bar,0.2292,bakery,0.1237
428,"생태보존,서식지_을숙도생태공원 호수형습지_1603.jpg",korean palace,0.6801,tower,0.1193,park,0.0486
429,"수목원,식물원_국립수목원_594.jpg",korean palace,0.9207,market,0.0266,palace,0.0091
430,"수목원,식물원_국립수목원_595.jpg",korean palace,0.8494,park,0.0409,museum,0.0227
431,"수목원,식물원_금강식물원_1577.jpg",park,0.2536,gallery,0.1009,garden,0.0771
432,"수목원,식물원_금강식물원_1578.jpg",garden,0.6245,korean palace,0.3143,park,0.0174
433,"수목원,식물원_금강식물원_1579.jpg",korean palace,0.8886,garden,0.0593,fountain,0.0164
434,"수목원,식물원_남산야외식물원_97.jpg",korean palace,0.6524,park,0.2317,garden,0.0482
435,"수목원,식물원_남산야외식물원_98.jpg",korean palace,0.842,temple,0.1184,garden,0.0161
436,"수목원,식물원_대구수목원_1965.jpg",park,0.4179,korean palace,0.2005,forest,0.1161
437,"수목원,식물원_더그림_596.jpg",garden,0.4925,korean palace,0.3926,park,0.0308
438,"수목원,식물원_더그림_597.jpg",restaurant,0.5827,korean palace,0.1078,garden,0.0558
439,"수목원,식물원_더그림_598.jpg",garden,0.9404,gallery,0.0076,temple,0.0073
440,"수목원,식물원_도당근린공원 백만송이장미원_617.jpg",korean palace,0.8614,park,0.0494,amusement park,0.0272
441,"수목원,식물원_도당근린공원 백만송이장미원_618.jpg",korean palace,0.6638,restaurant,0.2418,bakery,0.0225
442,"수목원,식물원_도당근린공원 백만송이장미원_619.jpg",garden,0.4765,park,0.4342,korean palace,0.0635
443,"수목원,식물원_물향기수목원_590.jpg",garden,0.4524,river,0.1038,park,0.0808
444,"수목원,식물원_물향기수목원_591.jpg",market,0.1578,trail,0.1116,korean palace,0.1111
445,"수목원,식물원_물향기수목원_592.jpg",korean palace,0.7823,restaurant,0.0203,temple,0.0162
446,"수목원,식물원_바다향기수목원_606.jpg",korean palace,0.4719,restaurant,0.1161,amusement park,0.0958
447,"수목원,식물원_바다향기수목원_607.jpg",korean palace,0.3152,market,0.1663,theater,0.0989
448,"수목원,식물원_벽초지수목원_587.jpg",garden,0.1831,market,0.1816,korean palace,0.1211
449,"수목원,식물원_벽초지수목원_589.jpg",restaurant,0.2632,gallery,0.1682,market,0.1177
450,"수목원,식물원_부산시수목전시원_1582.jpg",korean palace,0.7496,fountain,0.0804,zoo,0.0364
451,"수목원,식물원_부산어린이식물원_1592.jpg",festival,0.4694,market,0.1648,zoo,0.159
452,"수목원,식물원_부산어린이식물원_1593.jpg",stadium,0.5096,park,0.2142,garden,0.1422
453,"수목원,식물원_부산어린이식물원_1594.jpg",zoo,0.6878,amusement park,0.0837,market,0.0706
454,"수목원,식물원_부산화명수목원_1568.jpg",garden,0.914,forest,0.0242,trail,0.0121
455,"수목원,식물원_부산화명수목원_1569.jpg",garden,0.8918,forest,0.0319,trail,0.015
456,"수목원,식물원_부산화명수목원_1570.jpg",korean palace,0.9012,park,0.0407,trail,0.0218
457,"수목원,식물원_북한산식물원_113.jpg",korean palace,0.5356,street,0.1362,market,0.0729
458,"수목원,식물원_북한산식물원_114.jpg",garden,0.6571,park,0.0927,zoo,0.09
459,"수목원,식물원_사바나농장_115.jpg",garden,0.5557,forest,0.1471,zoo,0.1147
460,"수목원,식물원_사바나농장_116.jpg",garden,0.4967,market,0.1194,gallery,0.11
461,"수목원,식물원_사바나농장_117.jpg",garden,0.2418,festival,0.124,restaurant,0.1052
462,"수목원,식물원_서경하늘수목원_1601.jpg",korean palace,0.8552,temple,0.0263,park,0.0151
463,"수목원,식물원_서울식물원_88.jpg",festival,0.2783,theater,0.1202,garden,0.1081
464,"수목원,식물원_서울어린이대공원 식물원_106.jpg",museum,0.2548,korean palace,0.1227,temple,0.096
465,"수목원,식물원_서울어린이대공원 식물원_107.jpg",garden,0.808,park,0.0744,zoo,0.0288
466,"수목원,식물원_서울어린이대공원 식물원_108.jpg",korean palace,0.3487,museum,0.2391,gallery,0.0845
467,"수목원,식물원_석모도수목원_1101.jpg",garden,0.8424,park,0.0269,fountain,0.0215
468,"수목원,식물원_석모도수목원_1102.jpg",korean palace,0.2565,park,0.254,garden,0.1813
469,"수목원,식물원_석모도수목원_1103.jpg",korean palace,0.8217,park,0.0878,garden,0.0247
470,"수목원,식물원_선유도공원 시간의정원_104.jpg",garden,0.2447,tower,0.1504,park,0.1206
471,"수목원,식물원_선유도공원 온실_124.jpg",garden,0.7397,zoo,0.0521,park,0.0392
472,"수목원,식물원_세미원_578.jpg",department store,0.2988,korean palace,0.1643,garden,0.0896
473,"수목원,식물원_세미원_579.jpg",korean palace,0.7525,gallery,0.0734,museum,0.0509
474,"수목원,식물원_세미원_580.jpg",garden,0.3699,forest,0.1185,park,0.1148
475,"수목원,식물원_신구대학교식물원_608.jpg",garden,0.3309,forest,0.3093,trail,0.1385
476,"수목원,식물원_신구대학교식물원_610.jpg",forest,0.3022,garden,0.2927,trail,0.1224
477,"수목원,식물원_아차산어울림정원 자생식물원_121.jpg",amusement park,0.7643,park,0.0385,korean palace,0.0331
478,"수목원,식물원_아차산어울림정원 자생식물원_122.jpg",korean palace,0.8279,museum,0.0552,park,0.0324
479,"수목원,식물원_아침고요수목원_585.jpg",garden,0.9377,park,0.0255,korean palace,0.0137
480,"수목원,식물원_아침고요수목원_586.jpg",korean palace,0.6179,garden,0.2999,park,0.0351
481,"수목원,식물원_아홉산숲_1572.jpg",korean palace,0.5184,garden,0.2543,temple,0.155
482,"수목원,식물원_아홉산숲_1573.jpg",forest,0.721,trail,0.2007,park,0.0174
483,"수목원,식물원_영흥수목원_612.jpg",korean palace,0.5676,tower,0.365,park,0.0173
484,"수목원,식물원_영흥수목원_613.jpg",park,0.4055,street,0.1319,zoo,0.1078
485,"수목원,식물원_인천나비공원 수생식물원_1098.jpg",korean palace,0.4349,garden,0.1651,park,0.134
486,"수목원,식물원_인천나비공원 수생식물원_1099.jpg",korean palace,0.4925,garden,0.3661,temple,0.0362
487,"수목원,식물원_인천수목원_1090.jpg",park,0.533,trail,0.1678,street,0.0898
488,"수목원,식물원_인천수목원_1091.jpg",park,0.6324,korean palace,0.1926,garden,0.084
489,"수목원,식물원_인천환경공단 청라생태공원 온실_1104.jpg",korean palace,0.2745,amusement park,0.2116,park,0.1402
490,"수목원,식물원_인천환경공단 청라생태공원 온실_1105.jpg",trail,0.4087,park,0.2776,forest,0.231
491,"수목원,식물원_장산산림욕장_1591.jpg",trail,0.5585,forest,0.3683,park,0.0366
492,"수목원,식물원_창경궁 대온실_94.jpg",korean palace,0.9924,palace,0.0027,garden,0.0019
493,"수목원,식물원_창경궁 대온실_95.jpg",korean palace,0.47,garden,0.2518,palace,0.1058
494,"수목원,식물원_창경궁 대온실_96.jpg",fountain,0.9712,temple,0.0133,garden,0.0033
495,"수목원,식물원_푸른수목원_91.jpg",korean palace,0.3148,garden,0.2186,river,0.0997
496,"수목원,식물원_푸른수목원_92.jpg",park,0.5119,trail,0.312,korean palace,0.043
497,"수목원,식물원_푸른수목원_93.jpg",korean palace,0.8885,forest,0.0195,park,0.014
498,"수목원,식물원_한택식물원_602.jpg",garden,0.7077,gallery,0.0628,temple,0.0347
499,"수목원,식물원_한택식물원_603.jpg",garden,0.4617,gallery,0.1808,forest,0.0632
500,"수목원,식물원_한택식물원_604.jpg",garden,0.8854,gallery,0.0173,forest,0.0138
501,"수목원,식물원_해운대수목원_1574.jpg",park,0.8543,korean palace,0.0542,amusement park,0.0437
502,"수목원,식물원_해운대수목원_1576.jpg",garden,0.3707,park,0.2816,korean palace,0.2071
503,"수목원,식물원_화담숲_583.jpg",korean palace,0.72,forest,0.0866,garden,0.0685
504,"수목원,식물원_황학산수목원_620.jpg",trail,0.327,park,0.1716,forest,0.1585
505,순대_골목순대국_390.jpg,korean palace,0.5354,restaurant,0.3037,bakery,0.033
506,순대_골목순대국_391.jpg,restaurant,0.316,korean palace,0.2703,bar,0.2007
507,순대_골목순대국_392.jpg,market,0.5993,bakery,0.1444,restaurant,0.1251
508,술집_숨은골목_388.jpg,korean palace,0.9577,zoo,0.0135,trail,0.0032
509,시장_가락시장_336.jpg,market,0.5924,department store,0.2965,bakery,0.0357
510,시장_가락시장_337.jpg,market,0.8868,department store,0.07,alley,0.008
511,시장_가락시장_338.jpg,korean palace,0.364,tower,0.3386,park,0.1045
512,시장_강남시장_1337.jpg,korean palace,0.4815,river,0.1206,market,0.086
513,시장_강화풍물시장_1328.jpg,department store,0.3878,market,0.2814,harbor,0.0986
514,시장_경동시장_333.jpg,fountain,0.2345,cinema,0.1376,department store,0.0903
515,시장_경동시장_334.jpg,zoo,0.8801,forest,0.0162,korean palace,0.0095
516,시장_계양산전통시장_1334.jpg,department store,0.2768,market,0.1891,theater,0.0871
517,시장_계양산전통시장_1335.jpg,cinema,0.6098,theater,0.165,museum,0.0565
518,시장_계양산전통시장_1336.jpg,tower,0.4559,gallery,0.1656,bar,0.0658
519,시장_광명전통시장_869.jpg,korean palace,0.6244,gallery,0.0493,ocean,0.0379
520,시장_광장시장_321.jpg,market,0.7695,restaurant,0.131,bakery,0.0607
521,시장_광장시장_323.jpg,department store,0.4825,market,0.3752,theater,0.0296
522,시장_교동대룡시장_1313.jpg,bar,0.1729,restaurant,0.1594,gallery,0.1464
523,시장_교동대룡시장_1314.jpg,restaurant,0.3743,korean palace,0.163,market,0.1163
524,시장_교동대룡시장_1315.jpg,restaurant,0.5263,bar,0.3056,gallery,0.0426
525,시장_구리전통시장_851.jpg,korean palace,0.7907,palace,0.0453,stadium,0.0294
526,시장_구리전통시장_853.jpg,korean palace,0.9299,palace,0.0193,market,0.0097
527,시장_구포시장_1774.jpg,bar,0.2103,theater,0.1172,festival,0.1092
528,시장_구포시장_1775.jpg,zoo,0.501,alley,0.1009,market,0.0693
529,시장_국제시장_1764.jpg,korean palace,0.6911,department store,0.0949,market,0.091
530,시장_국제시장_1766.jpg,department store,0.3284,korean palace,0.1604,street,0.1166
531,시장_기장시장_1786.jpg,market,0.9897,street,0.0031,harbor,0.0017
532,시장_기장시장_1787.jpg,market,0.3198,festival,0.2918,fountain,0.0744
533,시장_남대문시장_325.jpg,market,0.8956,festival,0.0232,korean palace,0.0229
534,시장_남촌농산물도매시장_1322.jpg,market,0.8692,department store,0.0564,palace,0.0119
535,시장_남촌농산물도매시장_1323.jpg,market,0.6598,department store,0.288,bakery,0.0208
536,시장_남촌농산물도매시장_1324.jpg,korean palace,0.7173,market,0.0724,amusement park,0.0649
537,시장_노량진수산물도매시장_340.jpg,department store,0.3643,market,0.3385,harbor,0.1584
538,시장_노량진수산물도매시장_341.jpg,department store,0.5357,market,0.3098,bar,0.0623
539,시장_독립문 영천시장_363.jpg,korean palace,0.7969,restaurant,0.1115,bar,0.0272
540,시장_동대문종합시장_330.jpg,department store,0.5969,korean palace,0.1314,palace,0.1104
541,시장_동대문종합시장_332.jpg,department store,0.7018,korean palace,0.2371,theater,0.0135
542,시장_동래시장_1782.jpg,market,0.8377,street,0.0287,korean palace,0.0215
543,시장_동래시장_1783.jpg,market,0.4988,korean palace,0.1086,theater,0.0689
544,시장_동래시장_1784.jpg,market,0.3386,department store,0.1708,theater,0.0859
545,시장_동묘시장_345.jpg,market,0.8579,street,0.0593,festival,0.0289
546,시장_동묘시장_347.jpg,street,0.4929,korean palace,0.1834,market,0.1039
547,시장_마장축산물시장_357.jpg,palace,0.2042,korean palace,0.1812,gallery,0.1304
548,시장_마장축산물시장_358.jpg,market,0.3343,street,0.1718,department store,0.1645
549,시장_마장축산물시장_359.jpg,market,0.3434,restaurant,0.1287,zoo,0.1136
550,시장_망원시장_327.jpg,cinema,0.4038,restaurant,0.1182,bar,0.1003
551,시장_망원시장_328.jpg,korean palace,0.6158,department store,0.0546,market,0.035
552,시장_망원시장_329.jpg,restaurant,0.5703,korean palace,0.1436,bakery,0.0928
553,시장_모란민속5일장_842.jpg,korean palace,0.4567,festival,0.1557,market,0.1156
554,시장_모란민속5일장_843.jpg,harbor,0.4213,market,0.3813,amusement park,0.06
555,시장_모래내시장_1316.jpg,market,0.4288,korean palace,0.2848,alley,0.0905
556,시장_모래내시장_1317.jpg,market,0.2324,stadium,0.2323,korean palace,0.1078
557,시장_목동깨비시장_351.jpg,market,0.5145,bakery,0.103,street,0.0939
558,시장_목동깨비시장_352.jpg,market,0.5514,korean palace,0.155,department store,0.0892
559,시장_목동깨비시장_353.jpg,market,0.6328,street,0.0621,festival,0.0566
560,시장_민락회타운시장_1798.jpg,department store,0.515,tower,0.2304,korean palace,0.099
561,시장_반여농산물도매시장_1779.jpg,department store,0.1173,korean palace,0.1109,festival,0.0793
562,시장_반여농산물도매시장_1780.jpg,korean palace,0.319,forest,0.104,tower,0.0967
563,시장_반여농산물도매시장_1781.jpg,street,0.3258,market,0.2188,festival,0.127
564,시장_발안만세시장_875.jpg,gallery,0.2096,museum,0.129,market,0.1189
565,시장_발안만세시장_876.jpg,bar,0.1737,gallery,0.1634,market,0.1025
566,시장_방산시장_360.jpg,korean palace,0.7427,market,0.1076,street,0.0344
567,시장_방산시장_361.jpg,market,0.9573,street,0.0126,alley,0.0058
568,시장_방산시장_362.jpg,department store,0.621,bakery,0.1346,market,0.1071
569,시장_부산진시장_1767.jpg,korean palace,0.2344,market,0.1607,park,0.1184
570,시장_부산진시장_1768.jpg,korean palace,0.466,market,0.1237,park,0.0926
571,시장_부산진시장_1769.jpg,korean palace,0.2955,amusement park,0.1518,street,0.0964
572,시장_부전시장_1758.jpg,korean palace,0.5414,theater,0.0692,park,0.0527
573,시장_부전시장_1759.jpg,korean palace,0.3813,theater,0.1088,gallery,0.0778
574,시장_부전시장_1760.jpg,market,0.3592,korean palace,0.1426,restaurant,0.0876
575,시장_부평깡통시장_1761.jpg,korean palace,0.8179,market,0.0702,restaurant,0.0501
576,시장_부평깡통시장_1762.jpg,korean palace,0.796,restaurant,0.0918,department store,0.0165
577,시장_부평깡통시장_1763.jpg,market,0.726,department store,0.2013,korean palace,0.0197
578,시장_부평종합시장_1325.jpg,market,0.954,korean palace,0.0113,street,0.0096
579,시장_삼미시장_845.jpg,korean palace,0.6564,restaurant,0.1972,market,0.0498
580,시장_삼미시장_846.jpg,market,0.9285,bakery,0.0492,department store,0.007
581,시장_삼산농산물도매시장_1346.jpg,korean palace,0.2433,market,0.135,stadium,0.0938
582,시장_삼산농산물도매시장_1347.jpg,department store,0.3117,market,0.2147,korean palace,0.1508
583,시장_삼산농산물도매시장_1348.jpg,stadium,0.6408,korean palace,0.1403,palace,0.1032
584,시장_서면시장_1795.jpg,market,0.5048,korean palace,0.1954,street,0.0854
585,시장_서울풍물시장_354.jpg,korean palace,0.7903,market,0.0477,palace,0.0269
586,시장_서울풍물시장_355.jpg,korean palace,0.984,department store,0.0059,market,0.0019
587,시장_서울풍물시장_356.jpg,korean palace,0.7256,garden,0.1409,gallery,0.0425
588,시장_서원시장_1791.jpg,restaurant,0.6285,korean palace,0.1616,market,0.0408
589,시장_성남중앙공설시장_878.jpg,department store,0.5619,tower,0.1212,palace,0.0739
590,시장_성남중앙공설시장_880.jpg,market,0.8132,department store,0.0877,korean palace,0.0413
591,시장_소래포구종합어시장_1310.jpg,korean palace,0.9333,festival,0.0152,museum,0.0104
592,시장_수원시농수산물도매시장_860.jpg,market,0.9525,department store,0.0342,stadium,0.0023
593,시장_수원시농수산물도매시장_861.jpg,market,0.5132,department store,0.3678,palace,0.0308
594,시장_수원시농수산물도매시장_862.jpg,korean palace,0.7772,festival,0.1077,palace,0.0215
595,시장_신기시장_1331.jpg,korean palace,0.4407,market,0.181,museum,0.0825
596,시장_신기시장_1333.jpg,museum,0.3906,korean palace,0.2642,stadium,0.1059
597,시장_신흥시장_343.jpg,bar,0.7005,restaurant,0.1775,gallery,0.0386
598,시장_신흥시장_344.jpg,alley,0.6723,palace,0.0525,street,0.0438
599,시장_안양농수산물도매시장 수산동_881.jpg,korean palace,0.3183,festival,0.134,museum,0.111
600,시장_안양농수산물도매시장 수산동_882.jpg,korean palace,0.2899,garden,0.2144,department store,0.1576
601,시장_안양농수산물도매시장 수산동_883.jpg,alley,0.603,palace,0.0805,tower,0.0676
602,시장_안양중앙시장_866.jpg,restaurant,0.5317,ocean,0.095,market,0.0866
603,시장_안양중앙시장_867.jpg,korean palace,0.2497,festival,0.1909,market,0.18
604,시장_안양중앙시장_868.jpg,festival,0.2274,market,0.1069,gallery,0.1055
605,시장_용인중앙시장_854.jpg,restaurant,0.2208,cinema,0.1154,theater,0.1078
606,시장_용인중앙시장_855.jpg,korean palace,0.9299,market,0.0214,museum,0.009
607,시장_용인중앙시장_856.jpg,korean palace,0.5322,amusement park,0.09,festival,0.041
608,시장_용현시장_1340.jpg,market,0.911,garden,0.0484,festival,0.0247
609,시장_용현시장_1341.jpg,korean palace,0.8756,market,0.043,palace,0.014
610,시장_용현시장_1342.jpg,market,0.9733,garden,0.0093,festival,0.0072
611,시장_원당시장_884.jpg,korean palace,0.5884,market,0.1588,park,0.0399
612,시장_원당시장_886.jpg,market,0.9542,department store,0.0263,korean palace,0.0043
613,시장_의정부제일시장_872.jpg,alley,0.4273,market,0.2308,street,0.1531
614,시장_의정부제일시장_873.jpg,market,0.4811,garden,0.2235,bakery,0.0826
615,시장_의정부제일시장_874.jpg,korean palace,0.4704,street,0.1996,department store,0.0538
616,시장_인천석바위시장_1352.jpg,korean palace,0.6629,temple,0.1004,restaurant,0.0607
617,시장_인천석바위시장_1353.jpg,bar,0.2107,temple,0.1543,alley,0.1427
618,시장_인천석바위시장_1354.jpg,bar,0.3394,gallery,0.2229,korean palace,0.2087
619,시장_인천종합어시장_1319.jpg,korean palace,0.979,amusement park,0.0034,tower,0.0025
620,시장_인천종합어시장_1320.jpg,korean palace,0.4883,market,0.1473,harbor,0.0484
621,시장_인천종합어시장_1321.jpg,korean palace,0.6744,market,0.1709,restaurant,0.0514
622,시장_일산시장_848.jpg,tower,0.6064,department store,0.0639,market,0.0612
623,시장_자유도매시장_1789.jpg,korean palace,0.5893,festival,0.0696,museum,0.0409
624,시장_자유도매시장_1790.jpg,restaurant,0.2339,market,0.1289,department store,0.1033
625,시장_장림골목시장_1777.jpg,festival,0.6152,bar,0.0992,restaurant,0.0873
626,시장_장림골목시장_1778.jpg,market,0.3094,festival,0.2708,restaurant,0.1616
627,시장_정서진중앙시장_1343.jpg,restaurant,0.2982,market,0.2713,korean palace,0.14
628,시장_정서진중앙시장_1344.jpg,market,0.8906,bakery,0.0632,festival,0.0182
629,시장_토지금고시장_1349.jpg,restaurant,0.1597,festival,0.1504,market,0.1496
630,시장_토지금고시장_1351.jpg,street,0.3214,korean palace,0.2208,market,0.1691
631,시장_해운대전통시장_1770.jpg,restaurant,0.4128,korean palace,0.3332,bakery,0.1408
632,시장_해운대전통시장_1771.jpg,market,0.4612,department store,0.1074,restaurant,0.0687
633,시장_해운대전통시장_1772.jpg,restaurant,0.4954,korean palace,0.1819,market,0.1022
634,실내포장마차_골목정원_1355.jpg,alley,0.5831,street,0.1457,korean palace,0.1212
635,실내포장마차_골목포차_1801.jpg,korean palace,0.5944,restaurant,0.1459,bakery,0.0373
636,아파트_수목원호정포레스트아파트_1977.jpg,festival,0.1879,market,0.1695,korean palace,0.1136
637,양식_낭만놀이_1908.jpg,alley,0.6788,korean palace,0.173,street,0.047
638,양식_디노브런치앤다이닝_1502.jpg,restaurant,0.7358,bar,0.0666,bakery,0.0401
639,양식_디노브런치앤다이닝_1503.jpg,restaurant,0.5077,bar,0.2374,bakery,0.2037
640,양식_디노브런치앤다이닝_1504.jpg,restaurant,0.5085,korean palace,0.1517,market,0.0731
641,양식_로앤쿡드 더브런치_42.jpg,bakery,0.5023,restaurant,0.314,bar,0.0469
642,양식_문라이트브런치카페_1914.jpg,restaurant,0.3837,garden,0.1488,market,0.0956
643,양식_문라이트브런치카페_1915.jpg,restaurant,0.7754,korean palace,0.0537,garden,0.0232
644,양식_문라이트브런치카페_1916.jpg,street,0.1703,cinema,0.1409,korean palace,0.1052
645,양식_브런치 앤 디너 테라비 부산대점_1515.jpg,restaurant,0.6426,korean palace,0.2648,market,0.0351
646,양식_브런치 앤 디너 테라비 부산대점_1516.jpg,korean palace,0.5078,restaurant,0.4606,tower,0.0096
647,양식_서울바다카페_486.jpg,bakery,0.9558,restaurant,0.0084,bar,0.0074
648,양식_서울바다카페_487.jpg,korean palace,0.3121,museum,0.2267,temple,0.1733
649,양식_서울바다카페_488.jpg,harbor,0.8664,ocean,0.0757,tower,0.0096
650,양식_이디엘브런치하우스_1893.jpg,restaurant,0.6016,bar,0.3102,gallery,0.0233
651,양식_이디엘브런치하우스_1894.jpg,restaurant,0.5376,bakery,0.3363,bar,0.0244
652,양식_퐁당퐁당브런치_536.jpg,restaurant,0.5815,korean palace,0.2401,market,0.0789
653,온천_수목원생활온천_1975.jpg,department store,0.5257,cinema,0.322,theater,0.0497
654,온천_수목원생활온천_1976.jpg,restaurant,0.5445,bar,0.2935,bakery,0.0739
655,워터테마파크_누리워터파크_1295.jpg,amusement park,0.4052,park,0.3029,fountain,0.0396
656,워터테마파크_누리워터파크_1296.jpg,amusement park,0.5546,park,0.1538,festival,0.0561
657,워터테마파크_씨랄라워터파크_288.jpg,amusement park,0.4295,park,0.1137,alley,0.0684
658,워터테마파크_아쿠아필드 고양_836.jpg,ocean,0.6384,waterfall,0.1323,fountain,0.0914
659,워터테마파크_아쿠아필드 하남_833.jpg,fountain,0.3554,waterfall,0.1765,ocean,0.0822
660,워터테마파크_아쿠아필드 하남_834.jpg,restaurant,0.5407,bakery,0.1016,bar,0.0998
661,워터테마파크_아쿠아필드 하남_835.jpg,restaurant,0.7615,bakery,0.0808,korean palace,0.0502
662,워터테마파크_웅진플레이도시_824.jpg,park,0.1448,river,0.1003,market,0.0947
663,워터테마파크_웅진플레이도시_825.jpg,korean palace,0.3667,amusement park,0.3593,park,0.0925
664,워터테마파크_웅진플레이도시_826.jpg,restaurant,0.6902,korean palace,0.101,market,0.0639
665,워터테마파크_인스파이어 스플래시 베이_1293.jpg,department store,0.5481,fountain,0.1455,waterfall,0.1019
666,워터테마파크_인스파이어 스플래시 베이_1294.jpg,garden,0.4682,zoo,0.1137,department store,0.1051
667,워터테마파크_캐리비안베이_818.jpg,amusement park,0.4601,ocean,0.0925,festival,0.077
668,워터테마파크_캐리비안베이_819.jpg,amusement park,0.2673,palace,0.2581,observatory,0.1039
669,워터테마파크_캐리비안베이_820.jpg,fountain,0.3981,amusement park,0.1918,zoo,0.1117
670,워터테마파크_클럽디오아시스_1731.jpg,amusement park,0.5848,observatory,0.0727,tower,0.0573
671,워터테마파크_클럽디오아시스_1732.jpg,fountain,0.4858,waterfall,0.1369,palace,0.0814
672,워터테마파크_클럽디오아시스_1733.jpg,restaurant,0.1935,waterfall,0.1633,fountain,0.1486
673,워터테마파크_파라다이스시티 씨메르_1273.jpg,theater,0.3274,gallery,0.1625,cinema,0.0746
674,유적지_갑곶돈대_1239.jpg,korean palace,0.4957,park,0.203,garden,0.092
675,유적지_강화광성보_1223.jpg,korean palace,0.7576,museum,0.1253,temple,0.0354
676,유적지_강화광성보_1224.jpg,park,0.2382,observatory,0.1286,trail,0.12
677,유적지_덕진진_1250.jpg,korean palace,0.6131,park,0.1492,garden,0.1416
678,유적지_덕진진_1251.jpg,korean palace,0.9115,festival,0.0127,market,0.0071
679,유적지_덕진진_1252.jpg,korean palace,0.9953,temple,0.0024,palace,0.0006
680,유적지_방화수류정_767.jpg,park,0.5365,korean palace,0.2114,garden,0.1153
681,유적지_방화수류정_768.jpg,korean palace,0.9113,park,0.0418,garden,0.0275
682,유적지_방화수류정_769.jpg,garden,0.5315,park,0.2233,forest,0.0655
683,유적지_제물포구락부_1253.jpg,bar,0.6583,restaurant,0.3141,theater,0.0051
684,유적지_제물포구락부_1254.jpg,korean palace,0.8543,temple,0.0971,museum,0.02
685,"육류,고기_골목안정원_404.jpg",korean palace,0.2702,garden,0.1381,street,0.1002
686,"육류,고기_골목흑돼지_382.jpg",restaurant,0.7724,korean palace,0.0957,bakery,0.0396
687,의류판매_브런치_1511.jpg,bakery,0.7058,restaurant,0.2456,korean palace,0.0098
688,인천1호선_검단호수공원역 인천1호선_1120.jpg,amusement park,0.2221,festival,0.2077,korean palace,0.1814
689,인터넷쇼핑몰_선데이브런치_1049.jpg,restaurant,0.8719,bar,0.0312,market,0.0181
690,입출구_부산박물관 정문_1660.jpg,korean palace,0.5183,garden,0.2561,temple,0.1338
691,입출구_서서울 호수공원 입구마당_148.jpg,korean palace,0.2817,park,0.2519,garden,0.1352
692,입출구_호수공원 출입구1_1128.jpg,korean palace,0.8766,tower,0.0301,palace,0.0193
693,입출구_호수공원 출입구1_1129.jpg,museum,0.2516,observatory,0.1181,theater,0.109
694,입출구_호수공원 출입구1_1130.jpg,korean palace,0.6441,garden,0.1606,park,0.0901
695,전망대_G타워전망대_1422.jpg,tower,0.2215,harbor,0.1904,stadium,0.1676
696,전망대_G타워전망대_1423.jpg,river,0.399,park,0.0881,trail,0.0754
697,전망대_N서울타워_408.jpg,tower,0.8709,park,0.0347,korean palace,0.0314
698,전망대_N서울타워_409.jpg,korean palace,0.9126,tower,0.0138,palace,0.0108
699,전망대_N서울타워_410.jpg,amusement park,0.6767,department store,0.0856,tower,0.0652
700,전망대_가람누리 전망대_960.jpg,korean palace,0.8561,museum,0.0349,market,0.0241
701,전망대_가람누리 전망대_961.jpg,festival,0.7204,korean palace,0.1189,theater,0.0464
702,전망대_감천문화마을 하늘마루전망대_1886.jpg,trail,0.8004,korean palace,0.0371,park,0.0354
703,전망대_강화제적봉 평화전망대_1400.jpg,korean palace,0.7507,museum,0.0378,stadium,0.0271
704,전망대_강화제적봉 평화전망대_1401.jpg,korean palace,0.6579,temple,0.0696,stadium,0.0523
705,전망대_강화제적봉 평화전망대_1402.jpg,korean palace,0.979,amusement park,0.0034,tower,0.0025
706,전망대_광진교8번가_417.jpg,restaurant,0.406,bar,0.2688,korean palace,0.1102
707,전망대_광진교8번가_418.jpg,stadium,0.5944,park,0.0542,korean palace,0.0505
708,전망대_광진교8번가_419.jpg,gallery,0.4523,museum,0.2238,bar,0.0667
709,전망대_교동도 망향대_1407.jpg,gallery,0.1439,festival,0.1381,cinema,0.0734
710,전망대_교동도 망향대_1408.jpg,museum,0.1831,gallery,0.1787,park,0.0932
711,전망대_구리타워_940.jpg,korean palace,0.3159,stadium,0.2748,park,0.1401
712,전망대_구리타워_941.jpg,tower,0.9649,korean palace,0.0099,observatory,0.0078
713,전망대_금광호수하늘전망대_963.jpg,korean palace,0.3262,park,0.2209,zoo,0.2182
714,전망대_금광호수하늘전망대_964.jpg,river,0.459,park,0.1,korean palace,0.0702
715,전망대_금광호수하늘전망대_965.jpg,tower,0.7439,observatory,0.1161,park,0.0455
716,전망대_김포국제공항 국내선청사 공항전망대_435.jpg,tower,0.3621,market,0.1609,palace,0.0764
717,전망대_김포국제공항 국내선청사 공항전망대_436.jpg,market,0.2029,palace,0.1453,bar,0.1275
718,전망대_낙산공원 제1전망광장_426.jpg,korean palace,0.3428,palace,0.0794,park,0.0779
719,전망대_낙산공원 제1전망광장_428.jpg,museum,0.2747,gallery,0.2494,korean palace,0.2363
720,전망대_대항전망대_1881.jpg,harbor,0.3328,ocean,0.2993,trail,0.1201
721,전망대_대항전망대_1882.jpg,gallery,0.2576,theater,0.1965,cinema,0.0813
722,전망대_도라산전망대_942.jpg,fountain,0.6492,garden,0.2008,temple,0.0411
723,전망대_도라산전망대_943.jpg,garden,0.2885,market,0.2278,stadium,0.0494
724,전망대_도라산전망대_944.jpg,trail,0.4493,forest,0.281,festival,0.0631
725,전망대_동백섬 누리마루전망대_1878.jpg,harbor,0.2423,palace,0.1338,korean palace,0.1328
726,전망대_동백섬 누리마루전망대_1879.jpg,harbor,0.2983,korean palace,0.1702,ocean,0.0729
727,전망대_동백섬 누리마루전망대_1880.jpg,harbor,0.515,korean palace,0.133,gallery,0.0882
728,전망대_동생말 전망대_1863.jpg,korean palace,0.4804,street,0.1013,restaurant,0.0784
729,전망대_동생말 전망대_1864.jpg,harbor,0.4532,ocean,0.0988,tower,0.0598
730,전망대_동생말 전망대_1865.jpg,korean palace,0.6732,amusement park,0.1443,park,0.0248
731,전망대_동작대교전망쉼터_425.jpg,tower,0.7893,harbor,0.0939,palace,0.0302
732,전망대_마장호수 전망대_936.jpg,trail,0.7231,river,0.0535,korean palace,0.0501
733,전망대_마장호수 전망대_937.jpg,korean palace,0.6566,trail,0.2457,festival,0.0176
734,전망대_무무대전망대_432.jpg,korean palace,0.6192,tower,0.1737,park,0.0267
735,전망대_무무대전망대_433.jpg,tower,0.3272,park,0.1385,korean palace,0.1218
736,전망대_무무대전망대_434.jpg,observatory,0.4652,tower,0.1019,harbor,0.0691
737,전망대_백운산전망대_1443.jpg,korean palace,0.7752,tower,0.0796,park,0.0419
738,전망대_백운산전망대_1444.jpg,observatory,0.5509,tower,0.0778,park,0.0578
739,전망대_부산엑스더스카이_1851.jpg,korean palace,0.2125,tower,0.1996,harbor,0.1272
740,전망대_부산엑스더스카이_1852.jpg,department store,0.7806,museum,0.0761,gallery,0.0338
741,전망대_부산엑스더스카이_1853.jpg,gallery,0.1646,observatory,0.1312,museum,0.1181
742,전망대_부산타워_1857.jpg,tower,0.9232,harbor,0.0579,korean palace,0.0041
743,전망대_부산타워_1859.jpg,tower,0.9689,korean palace,0.0101,harbor,0.0059
744,전망대_북서울꿈의숲 전망대_446.jpg,korean palace,0.5366,festival,0.2057,museum,0.0533
745,전망대_서울스카이_411.jpg,korean palace,0.5476,tower,0.1606,temple,0.0605
746,전망대_서울스카이_412.jpg,museum,0.4618,gallery,0.2301,observatory,0.0817
747,전망대_서울스카이_413.jpg,tower,0.3285,restaurant,0.1514,observatory,0.1385
748,전망대_선유도공원 선유도전망대_429.jpg,trail,0.6211,tower,0.1806,park,0.0365
749,전망대_선유도공원 선유도전망대_430.jpg,garden,0.7815,gallery,0.0412,trail,0.0277
750,전망대_선유도공원 선유도전망대_431.jpg,river,0.6269,tower,0.0971,trail,0.0893
751,전망대_송산그린시티전망대_952.jpg,harbor,0.3171,tower,0.2047,river,0.0687
752,전망대_수원산정상전망대_957.jpg,korean palace,0.8902,garden,0.0357,park,0.0302
753,전망대_수원산정상전망대_959.jpg,korean palace,0.4675,trail,0.2874,river,0.0515
754,전망대_시화달전망대 시화이루나타워_930.jpg,tower,0.5535,korean palace,0.3668,museum,0.0224
755,전망대_아라마루전망대_1403.jpg,korean palace,0.2778,festival,0.1544,gallery,0.1417
756,전망대_아라마루전망대_1404.jpg,festival,0.4064,korean palace,0.3198,park,0.0574
757,전망대_아라마루전망대_1405.jpg,park,0.3158,korean palace,0.2809,amusement park,0.2074
758,전망대_아라타워_1409.jpg,market,0.2194,street,0.1096,museum,0.1039
759,전망대_아라타워_1410.jpg,market,0.2733,park,0.2182,festival,0.1198
760,전망대_아라타워_1411.jpg,market,0.1294,amusement park,0.1104,tower,0.1101
761,전망대_아라폭포전망대_1430.jpg,korean palace,0.6743,zoo,0.0436,museum,0.0349
762,전망대_아라폭포전망대_1431.jpg,tower,0.6654,department store,0.0832,korean palace,0.0408
763,전망대_아라폭포전망대_1432.jpg,park,0.145,observatory,0.1408,tower,0.1321
764,전망대_아미산전망대_1860.jpg,museum,0.1898,tower,0.1671,fountain,0.1243
765,전망대_아미산전망대_1861.jpg,tower,0.1736,ocean,0.1639,museum,0.1326
766,전망대_아미산전망대_1862.jpg,trail,0.3042,korean palace,0.1175,street,0.0821
767,전망대_에코델타시티전망대_1877.jpg,tower,0.9093,korean palace,0.0405,palace,0.0097
768,전망대_영도하늘전망대_1869.jpg,tower,0.1859,amusement park,0.1818,gallery,0.1504
769,전망대_영종씨사이드 바다전망대_1435.jpg,korean palace,0.8976,park,0.065,garden,0.008
770,전망대_오두산통일전망대_921.jpg,trail,0.3467,tower,0.1515,river,0.0959
771,전망대_오두산통일전망대_922.jpg,museum,0.3622,korean palace,0.3499,gallery,0.2777
772,전망대_오륙도스카이워크_1842.jpg,korean palace,0.5562,museum,0.092,gallery,0.0663
773,전망대_오륙도스카이워크_1843.jpg,ocean,0.4406,harbor,0.1549,tower,0.1461
774,전망대_오션스코프 경관조형물_1437.jpg,festival,0.6911,cinema,0.0963,korean palace,0.0784
775,전망대_오션스코프 경관조형물_1438.jpg,korean palace,0.4771,amusement park,0.2611,palace,0.0382
776,전망대_용유하늘전망대_1439.jpg,korean palace,0.6041,museum,0.073,cinema,0.0462
777,전망대_용유하늘전망대_1440.jpg,korean palace,0.9567,temple,0.0145,park,0.0058
778,전망대_용유하늘전망대_1441.jpg,amusement park,0.545,harbor,0.0957,korean palace,0.0916
779,전망대_월미공원 전망대_1425.jpg,harbor,0.6557,tower,0.0833,palace,0.0383
780,전망대_월미공원 전망대_1426.jpg,harbor,0.5897,ocean,0.0949,tower,0.0722
781,전망대_인천공항전망대_1414.jpg,tower,0.5897,korean palace,0.1795,palace,0.0762
782,전망대_임진각관광지_924.jpg,market,0.2217,festival,0.1687,bar,0.1118
783,전망대_임진각관광지_925.jpg,korean palace,0.4665,trail,0.4166,river,0.0429
784,전망대_임진각관광지_926.jpg,tower,0.3341,korean palace,0.2739,fountain,0.2074
785,전망대_장화리 일몰 조망지_1418.jpg,ocean,0.5308,harbor,0.1348,gallery,0.0591
786,전망대_장화리 일몰 조망지_1419.jpg,ocean,0.5533,harbor,0.1709,gallery,0.0753
787,전망대_장화리 일몰 조망지_1420.jpg,ocean,0.4537,harbor,0.2602,gallery,0.055
788,전망대_정동전망대_414.jpg,park,0.1757,market,0.151,garden,0.1457
789,전망대_정동전망대_415.jpg,korean palace,0.9652,temple,0.0209,garden,0.0029
790,전망대_청사포다릿돌전망대_1848.jpg,korean palace,0.378,observatory,0.1196,park,0.115
791,전망대_청사포다릿돌전망대_1850.jpg,ocean,0.2823,harbor,0.2314,tower,0.1245
792,전망대_청학배수지 전망대_1872.jpg,amusement park,0.275,harbor,0.2118,fountain,0.1057
793,전망대_청학배수지 전망대_1873.jpg,garden,0.234,trail,0.1238,harbor,0.1209
794,전망대_태종대 전망대_1845.jpg,korean palace,0.8165,gallery,0.0635,restaurant,0.0332
795,전망대_태풍전망대_948.jpg,korean palace,0.9939,park,0.0017,tower,0.0008
796,전망대_태풍전망대_950.jpg,korean palace,0.9578,park,0.015,amusement park,0.0072
797,전망대_하남유니온타워_945.jpg,tower,0.2699,fountain,0.1601,korean palace,0.122
798,전망대_하남유니온타워_946.jpg,korean palace,0.3774,tower,0.2195,harbor,0.0871
799,전망대_하남유니온타워_947.jpg,tower,0.8359,observatory,0.0783,museum,0.0205
800,전망대_하늘전망대_442.jpg,harbor,0.1898,tower,0.1869,river,0.0849
801,전망대_화개산 전망대_1427.jpg,gallery,0.197,ocean,0.0968,tower,0.0926
802,전망대_화개산 전망대_1428.jpg,korean palace,0.4293,observatory,0.1681,tower,0.1605
803,전망대_화개산 전망대_1429.jpg,ocean,0.6043,harbor,0.1375,tower,0.0765
804,전망대_황령산전망쉼터_1854.jpg,temple,0.3365,korean palace,0.2543,observatory,0.1693
805,전망대_황령산전망쉼터_1855.jpg,festival,0.4706,korean palace,0.3294,observatory,0.0408
806,전망대_황령산전망쉼터_1856.jpg,tower,0.3034,observatory,0.2884,korean palace,0.2019
807,전통찻집_비비비당_1464.jpg,department store,0.6869,korean palace,0.1029,gallery,0.0696
808,전통찻집_비비비당_1465.jpg,korean palace,0.9503,park,0.0107,street,0.0063
809,"제과,베이커리_금정사계_1538.jpg",korean palace,0.5493,museum,0.1721,zoo,0.0816
810,"제과,베이커리_금정사계_1540.jpg",bakery,0.2928,bar,0.2461,department store,0.1685
811,"제과,베이커리_도쿄팡야 대구범어점_1920.jpg",theater,0.1265,temple,0.114,palace,0.0922
812,"제과,베이커리_도쿄팡야 대구범어점_1921.jpg",fountain,0.0948,festival,0.0855,cinema,0.0821
813,"제과,베이커리_르배 본점_1940.jpg",restaurant,0.4454,korean palace,0.1514,bar,0.0525
814,"제과,베이커리_마시안제빵소_973.jpg",ocean,0.3672,harbor,0.2887,gallery,0.0531
815,"제과,베이커리_아우어베이커리 도산본점_83.jpg",department store,0.1836,korean palace,0.1474,gallery,0.0916
816,"제과,베이커리_아우어베이커리 도산본점_84.jpg",bar,0.558,bakery,0.1822,gallery,0.1056
817,"제과,베이커리_야자수 브런치베이커리카페_529.jpg",restaurant,0.7208,bar,0.065,market,0.0579
818,"제과,베이커리_오월의종 타임스퀘어점_80.jpg",korean palace,0.2346,tower,0.1516,gallery,0.0748
819,"제과,베이커리_하우스베이커리_565.jpg",market,0.3473,bar,0.2242,restaurant,0.1559
820,"족발,보쌈_골목족발_918.jpg",korean palace,0.5551,market,0.0996,restaurant,0.0581
821,주차장_대구미술관 주차장_1998.jpg,market,0.3916,harbor,0.1203,observatory,0.05
822,주차장_대구수목원 제3주차장_1971.jpg,festival,0.4202,park,0.1837,forest,0.1733
823,주차장_대구수목원 제3주차장_1972.jpg,korean palace,0.8563,park,0.0797,garden,0.0303
824,주차장_대구수목원 제3주차장_1973.jpg,stadium,0.3105,park,0.3003,tower,0.1198
825,주차장_부산박물관 주차장_1654.jpg,korean palace,0.9689,park,0.0091,temple,0.0049
826,참치회_골목참치_396.jpg,restaurant,0.427,bakery,0.146,korean palace,0.1107
827,참치회_골목참치_397.jpg,korean palace,0.5251,restaurant,0.3231,market,0.0366
828,참치회_골목참치_398.jpg,restaurant,0.5654,korean palace,0.1127,bar,0.0968
829,체험학습장_인천수목원 유아숲체험원_1095.jpg,forest,0.2071,park,0.1366,garden,0.1107
830,체험학습장_인천수목원 유아숲체험원_1097.jpg,amusement park,0.1635,trail,0.1492,zoo,0.0984
831,추어_골목추어탕 본점_893.jpg,korean palace,0.6803,restaurant,0.2655,market,0.0172
832,추어_골목추어탕 본점_894.jpg,restaurant,0.4367,bar,0.0723,bakery,0.0711
833,추어_골목추어탕 본점_895.jpg,restaurant,0.4213,korean palace,0.1627,river,0.1088
834,축제_대구수목원국화전시회_1968.jpg,garden,0.7075,park,0.0956,trail,0.0357
835,축제_대구수목원국화전시회_1969.jpg,park,0.5402,garden,0.1508,street,0.0921
836,축제_대구수목원국화전시회_1970.jpg,forest,0.3363,garden,0.1584,temple,0.0658
837,카페_고양이똥 브런치_1.jpg,restaurant,0.7233,korean palace,0.1038,bar,0.0655
838,카페_고양이똥 브런치_2.jpg,restaurant,0.3429,bakery,0.195,bar,0.1249
839,카페_고양이똥 브런치_3.jpg,korean palace,0.6003,restaurant,0.0836,gallery,0.06
840,카페_노티스_1473.jpg,harbor,0.6425,market,0.0537,palace,0.0401
841,카페_노티스_1474.jpg,restaurant,0.215,alley,0.1466,tower,0.1458
842,카페_대구수목원 카페_1986.jpg,restaurant,0.4735,bar,0.2538,bakery,0.1156
843,카페_대구수목원 카페_1988.jpg,bakery,0.9332,market,0.0181,bar,0.0178
844,카페_대연골목_1840.jpg,korean palace,0.8905,palace,0.0189,festival,0.0165
845,카페_데이지브런치카페_537.jpg,restaurant,0.9302,korean palace,0.0196,gallery,0.0067
846,카페_라메르베이커리카페_1071.jpg,bakery,0.9995,market,0.0001,gallery,0.0001
847,카페_라메르베이커리카페_1072.jpg,river,0.5722,restaurant,0.2132,bar,0.0709
848,카페_라몽드브런치카페_1923.jpg,korean palace,0.4009,museum,0.1696,zoo,0.0747
849,카페_레드브릿지_555.jpg,palace,0.2181,stadium,0.1173,cinema,0.1
850,카페_레드브릿지_556.jpg,bakery,0.4358,restaurant,0.4099,bar,0.0436
851,카페_매화마름_1079.jpg,korean palace,0.9936,temple,0.003,palace,0.001
852,카페_메이드림_1068.jpg,garden,0.6884,korean palace,0.0759,forest,0.0646
853,카페_메이드림_1069.jpg,forest,0.2745,zoo,0.1694,cinema,0.0968
854,카페_메이드림_1070.jpg,restaurant,0.1447,temple,0.1198,market,0.1034
855,카페_몬떼델피노_558.jpg,restaurant,0.8744,bar,0.0345,cinema,0.0284
856,카페_바다보다_1086.jpg,cinema,0.6965,theater,0.2935,korean palace,0.0032
857,카페_바다보다_1087.jpg,ocean,0.2544,zoo,0.1892,market,0.1553
858,카페_바다보다_1088.jpg,ocean,0.3645,river,0.1872,zoo,0.0834
859,카페_발리다_450.jpg,theater,0.3581,festival,0.2338,gallery,0.1367
860,카페_발리다_451.jpg,theater,0.3993,gallery,0.147,festival,0.1126
861,카페_발리다_452.jpg,festival,0.4672,theater,0.1375,gallery,0.1059
862,카페_브런치가든 계양구청점_1040.jpg,restaurant,0.8285,bakery,0.0454,market,0.0429
863,카페_브런치위치_522.jpg,bar,0.5677,restaurant,0.2899,korean palace,0.0183
864,카페_브런치위치_523.jpg,street,0.1921,market,0.1561,department store,0.1399
865,카페_브런치카페 이안_1530.jpg,restaurant,0.7856,bakery,0.0558,market,0.0404
866,카페_브런치포레_517.jpg,restaurant,0.5105,garden,0.2889,gallery,0.0402
867,카페_블루트렁크 오이도거북섬본점_465.jpg,restaurant,0.4815,market,0.1195,ocean,0.1112
868,카페_블루트렁크 오이도거북섬본점_466.jpg,market,0.4921,restaurant,0.1734,bakery,0.0576
869,카페_블루트렁크 오이도거북섬본점_467.jpg,korean palace,0.902,restaurant,0.0693,market,0.0071
870,카페_비파티세리 공덕점_66.jpg,korean palace,0.9077,temple,0.08,museum,0.0044
871,카페_빌라드파넬_572.jpg,palace,0.5701,temple,0.0952,fountain,0.0806
872,카페_스노잉클라우드_1484.jpg,bar,0.4384,ocean,0.2782,harbor,0.0711
873,카페_스노잉클라우드_1486.jpg,gallery,0.6877,museum,0.073,harbor,0.0483
874,카페_앵커커피로스터즈_474.jpg,bakery,0.3434,restaurant,0.1468,harbor,0.0837
875,카페_어반브런치_501.jpg,restaurant,0.4464,bakery,0.326,bar,0.0728
876,카페_엠클리프_982.jpg,observatory,0.2537,stadium,0.1647,tower,0.0916
877,카페_오라카페&브런치_1043.jpg,restaurant,0.7696,bakery,0.0919,market,0.0506
878,카페_인더매스 삼덕_1932.jpg,bar,0.3979,restaurant,0.1169,market,0.1002
879,카페_인더매스 삼덕_1933.jpg,restaurant,0.5825,bar,0.2196,market,0.0559
880,카페_인더매스 삼덕_1934.jpg,restaurant,0.4037,bar,0.0961,market,0.0681
881,카페_지금이곳_1059.jpg,bar,0.3636,restaurant,0.1124,park,0.0863
882,카페_지금이곳_1060.jpg,observatory,0.5509,tower,0.0778,park,0.0578
883,카페_지금이곳_1061.jpg,korean palace,0.9389,temple,0.0444,restaurant,0.006
884,카페_차덕분_975.jpg,korean palace,0.1615,gallery,0.1527,bakery,0.1445
885,카페_차덕분_976.jpg,restaurant,0.3571,bar,0.2202,harbor,0.1774
886,카페_차덕분_977.jpg,department store,0.4193,korean palace,0.1226,tower,0.0875
887,카페_칠암사계_1545.jpg,restaurant,0.1705,museum,0.1142,gallery,0.1086
888,카페_칠암사계_1546.jpg,market,0.2566,korean palace,0.1076,bar,0.0931
889,카페_카페 메르디_985.jpg,department store,0.6573,cinema,0.1048,museum,0.0883
890,카페_카페 메르디_986.jpg,bar,0.3011,restaurant,0.1713,ocean,0.1224
891,카페_카페109하우스_987.jpg,korean palace,0.1614,trail,0.1531,alley,0.1429
892,카페_카페109하우스_988.jpg,bar,0.1346,park,0.1051,festival,0.0797
893,카페_카페385_1460.jpg,bakery,0.6535,restaurant,0.0951,market,0.0614
894,카페_카페385_1461.jpg,restaurant,0.4709,river,0.1274,fountain,0.1166
895,카페_카페윤_1454.jpg,gallery,0.3324,restaurant,0.1715,ocean,0.1414
896,카페_카페윤_1455.jpg,ocean,0.4269,restaurant,0.1423,tower,0.1014
897,카페_카페윤_1456.jpg,stadium,0.2991,museum,0.1253,korean palace,0.1143
898,카페_카펠라_1901.jpg,cinema,0.3059,bar,0.0986,temple,0.0828
899,카페_코스모40_1058.jpg,stadium,0.156,theater,0.1533,gallery,0.1331
900,카페_쿠타팜테라스 브런치카페_1496.jpg,restaurant,0.6916,korean palace,0.2172,market,0.0286
901,카페_쿠타팜테라스 브런치카페_1497.jpg,restaurant,0.8128,korean palace,0.1011,market,0.0465
902,카페_토크라피_969.jpg,bar,0.7249,bakery,0.1256,restaurant,0.0627
903,카페_토크라피_970.jpg,bar,0.3265,restaurant,0.2538,bakery,0.2064
904,카페_토크라피_971.jpg,bar,0.7325,bakery,0.0977,restaurant,0.0611
905,카페_티아이티에프_1956.jpg,korean palace,0.3608,restaurant,0.2369,market,0.0635
906,카페_티아이티에프_1957.jpg,korean palace,0.5406,museum,0.0839,alley,0.076
907,카페_티아이티에프_1958.jpg,korean palace,0.9691,park,0.005,market,0.0029
908,카페_파이브어클락_472.jpg,bar,0.345,bakery,0.2196,restaurant,0.1002
909,카페_포레스트아웃팅스 일산본점_542.jpg,restaurant,0.4189,forest,0.2169,korean palace,0.2122
910,카페_하이바다_996.jpg,bar,0.2434,restaurant,0.2282,harbor,0.1821
911,카페_하이바다_997.jpg,bar,0.1917,festival,0.1888,market,0.089
912,카페_하이바다_998.jpg,korean palace,0.4106,restaurant,0.18,amusement park,0.0639
913,카페_헤이든신씨어_1550.jpg,river,0.7279,fountain,0.1426,waterfall,0.0281
914,칼국수_골목손칼국수_1829.jpg,korean palace,0.4016,restaurant,0.1472,street,0.1064
915,커피전문점_골목사이_915.jpg,alley,0.2236,korean palace,0.1522,tower,0.0875
916,커피전문점_골목사이_916.jpg,korean palace,0.752,restaurant,0.1846,temple,0.0164
917,커피전문점_그린홀리데이_1075.jpg,restaurant,0.5316,market,0.1243,bakery,0.0847
918,커피전문점_배곧아띠_460.jpg,restaurant,0.7717,bakery,0.0645,bar,0.063
919,커피전문점_뻘다방_966.jpg,festival,0.4279,harbor,0.1489,market,0.0884
920,커피전문점_뻘다방_967.jpg,restaurant,0.4517,bar,0.1702,bakery,0.1257
921,커피전문점_뻘다방_968.jpg,restaurant,0.5098,bar,0.1435,garden,0.1199
922,커피전문점_웨이브온커피_1445.jpg,harbor,0.2865,restaurant,0.1634,ocean,0.1353
923,커피전문점_웨이브온커피_1447.jpg,restaurant,0.516,bar,0.1847,ocean,0.0863
924,커피전문점_해밀화_456.jpg,korean palace,0.5411,restaurant,0.3504,bakery,0.0191
925,테마파크_강화루지_1265.jpg,korean palace,0.891,park,0.033,trail,0.0072
926,테마파크_강화루지_1267.jpg,amusement park,0.2272,festival,0.1685,bar,0.0686
927,테마파크_농협안성팜랜드_800.jpg,garden,0.2681,trail,0.1526,korean palace,0.1024
928,테마파크_니지모리스튜디오_822.jpg,korean palace,0.3858,alley,0.2128,street,0.1451
929,테마파크_니지모리스튜디오_823.jpg,amusement park,0.6577,park,0.1125,korean palace,0.0482
930,테마파크_두리랜드_812.jpg,department store,0.3236,bar,0.1379,market,0.1215
931,테마파크_두리랜드_813.jpg,department store,0.2553,museum,0.2537,gallery,0.1953
932,테마파크_두리랜드_814.jpg,harbor,0.193,museum,0.1672,market,0.161
933,테마파크_런닝맨 인사동점_299.jpg,zoo,0.22,market,0.1082,theater,0.1064
934,테마파크_롯데월드 어드벤처 부산_1716.jpg,amusement park,0.3981,festival,0.2091,palace,0.0998
935,테마파크_롯데월드 어드벤처 부산_1717.jpg,korean palace,0.9481,palace,0.0112,gallery,0.0094
936,테마파크_롯데월드 어드벤처 부산_1718.jpg,theater,0.8237,festival,0.0565,forest,0.0186
937,테마파크_루덴시아_827.jpg,korean palace,0.5069,amusement park,0.0884,palace,0.0497
938,테마파크_루덴시아_828.jpg,korean palace,0.4122,restaurant,0.3548,bar,0.0458
939,테마파크_루덴시아_829.jpg,korean palace,0.4174,amusement park,0.0876,department store,0.0707
940,테마파크_마이랜드_1283.jpg,amusement park,0.8711,zoo,0.0496,park,0.0171
941,테마파크_마이랜드_1284.jpg,amusement park,0.8773,festival,0.0765,zoo,0.0113
942,테마파크_마이랜드_1285.jpg,korean palace,0.2332,park,0.0967,street,0.0955
943,테마파크_매직아일랜드_307.jpg,tower,0.9603,korean palace,0.0087,palace,0.0068
944,테마파크_매직아일랜드_308.jpg,korean palace,0.9466,park,0.0342,amusement park,0.0052
945,테마파크_배미꾸미조각공원_1298.jpg,ocean,0.4135,harbor,0.2092,gallery,0.1132
946,테마파크_배미꾸미조각공원_1299.jpg,ocean,0.7096,gallery,0.1132,harbor,0.0559
947,테마파크_배미꾸미조각공원_1300.jpg,fountain,0.4571,park,0.08,observatory,0.067
948,테마파크_법무부 부산솔로몬로파크_1738.jpg,korean palace,0.8795,gallery,0.0266,theater,0.0252
949,테마파크_법무부 부산솔로몬로파크_1739.jpg,korean palace,0.8676,palace,0.0438,museum,0.0139
950,테마파크_봉화산옹기테마공원_303.jpg,trail,0.5753,street,0.17,gallery,0.0668
951,테마파크_봉화산옹기테마공원_304.jpg,korean palace,0.9676,park,0.0152,temple,0.0031
952,테마파크_봉화산옹기테마공원_305.jpg,korean palace,0.8132,garden,0.0497,amusement park,0.0388
953,테마파크_부산어린이대공원_1724.jpg,amusement park,0.3211,zoo,0.1196,garden,0.1114
954,테마파크_브릭캠퍼스 부산_1744.jpg,stadium,0.8614,festival,0.0573,palace,0.0343
955,테마파크_브릭캠퍼스 부산_1745.jpg,museum,0.4972,gallery,0.3764,observatory,0.0229
956,테마파크_뽀로로&타요 콘텐츠 테마파크빌딩 월미_1274.jpg,amusement park,0.2537,department store,0.2444,palace,0.1389
957,테마파크_뽀로로&타요 테마파크 월미도점_1307.jpg,museum,0.3856,cinema,0.0733,amusement park,0.0678
958,테마파크_뽀로로&타요 테마파크 월미도점_1308.jpg,alley,0.3367,museum,0.2033,gallery,0.1396
959,테마파크_뽀로로&타요 테마파크 월미도점_1309.jpg,theater,0.2474,cinema,0.1851,gallery,0.0926
960,테마파크_서울 어린이 대공원 놀이 동산_279.jpg,amusement park,0.9092,park,0.0646,zoo,0.0124
961,테마파크_서울 어린이 대공원 놀이 동산_280.jpg,amusement park,0.9307,park,0.0362,korean palace,0.0249
962,테마파크_서울 어린이 대공원 놀이 동산_281.jpg,amusement park,0.8603,park,0.0808,korean palace,0.0425
963,테마파크_서울대공원_803.jpg,amusement park,0.3119,museum,0.0816,palace,0.0728
964,테마파크_서울대공원_804.jpg,korean palace,0.4976,tower,0.1181,restaurant,0.0631
965,테마파크_서울랜드_809.jpg,tower,0.1932,market,0.133,korean palace,0.079
966,테마파크_서울어린이대공원_282.jpg,korean palace,0.8973,amusement park,0.0441,park,0.0135
967,테마파크_서울어린이대공원_283.jpg,park,0.7789,zoo,0.0833,amusement park,0.047
968,테마파크_서울어린이대공원_284.jpg,korean palace,0.6352,festival,0.0462,gallery,0.0399
969,테마파크_스머프매직포레스트_296.jpg,korean palace,0.2268,theater,0.1636,cinema,0.1449
970,테마파크_스카이라인 루지_1728.jpg,trail,0.3022,amusement park,0.2765,zoo,0.2173
971,테마파크_에버랜드_798.jpg,market,0.2825,korean palace,0.2397,festival,0.2112
972,테마파크_용인농촌테마파크_839.jpg,garden,0.4109,amusement park,0.1394,park,0.1315
973,테마파크_용인농촌테마파크_840.jpg,forest,0.188,korean palace,0.1709,park,0.1212
974,테마파크_용인농촌테마파크_841.jpg,korean palace,0.6357,festival,0.169,park,0.0733
975,테마파크_원마운트_831.jpg,gallery,0.1505,zoo,0.1034,amusement park,0.103
976,테마파크_원마운트_832.jpg,korean palace,0.6542,amusement park,0.1058,department store,0.0516
977,테마파크_인스파이어 디스커버리 파크_1302.jpg,temple,0.5933,museum,0.0815,gallery,0.0559
978,테마파크_인천공룡월드_1288.jpg,park,0.1443,department store,0.1113,tower,0.0992
979,테마파크_인천대공원_1268.jpg,park,0.5459,korean palace,0.3275,zoo,0.0325
980,테마파크_태종대오션플라잉테마파크_1740.jpg,harbor,0.3038,tower,0.2804,trail,0.0494
981,테마파크_태종대오션플라잉테마파크_1741.jpg,korean palace,0.7023,palace,0.0943,festival,0.0674
982,테마파크_태종대오션플라잉테마파크_1742.jpg,tower,0.2636,harbor,0.1574,stadium,0.142
983,테마파크_트릭아이뮤지엄_300.jpg,ocean,0.521,harbor,0.0963,fountain,0.081
984,테마파크_트릭아이뮤지엄_301.jpg,korean palace,0.9711,department store,0.0123,cinema,0.0054
985,테마파크_파라다이스시티 원더박스_1280.jpg,amusement park,0.6393,theater,0.1146,museum,0.0448
986,테마파크_파라다이스시티 원더박스_1281.jpg,amusement park,0.4466,gallery,0.1941,festival,0.1195
987,테마파크_퍼스트가든_815.jpg,department store,0.1983,park,0.1342,street,0.1282
988,테마파크_퍼스트가든_817.jpg,garden,0.2982,park,0.2655,fountain,0.1694
989,테마파크시설_롯데월드어드벤처 부산점 자이언트디거_1751.jpg,department store,0.5905,market,0.0907,cinema,0.0362
990,테마파크시설_어린이대공원 능동숲속의무대_312.jpg,stadium,0.2135,park,0.2096,market,0.1122
991,테마파크시설_어린이대공원 능동숲속의무대_313.jpg,festival,0.3108,korean palace,0.2852,park,0.1859
992,테마파크시설_어린이대공원 능동숲속의무대_314.jpg,festival,0.4463,park,0.1385,zoo,0.0835
993,테마파크시설_어린이대공원 팔각당_318.jpg,korean palace,0.9647,temple,0.0169,tower,0.0077
994,한식_골목보리밥_1385.jpg,restaurant,0.3874,korean palace,0.2136,bakery,0.1103
995,한식_골목보리밥_1387.jpg,restaurant,0.3106,ocean,0.2513,market,0.1424
996,한식_골목순대국밥집_1374.jpg,korean palace,0.8162,restaurant,0.1384,bakery,0.0202
997,한식_연탄골목_911.jpg,restaurant,0.7477,bar,0.0994,bakery,0.0422
998,한식_연탄골목_912.jpg,korean palace,0.5434,restaurant,0.2457,bar,0.0396
999,한식_연탄골목_913.jpg,restaurant,0.8153,market,0.0692,korean palace,0.0211
1000,한식뷔페_골목한식뷔페_1367.jpg,korean palace,0.471,restaurant,0.4583,market,0.0211
1001,한식뷔페_골목한식뷔페_1368.jpg,korean palace,0.7144,market,0.0892,bakery,0.0629
1002,한식뷔페_골목한식뷔페_1369.jpg,korean palace,0.557,restaurant,0.2275,bakery,0.0483
1003,"해물,생선_골목안집_1816.jpg",korean palace,0.8109,museum,0.0424,festival,0.0271
1004,"해물,생선_골목안집_1817.jpg",restaurant,0.3503,market,0.1577,harbor,0.1178
1005,"해물,생선_골목안채_887.jpg",korean palace,0.4144,restaurant,0.1611,bar,0.1443
1006,"해물,생선_골목안채_888.jpg",korean palace,0.776,restaurant,0.051,museum,0.035
1007,"해물,생선_골목안채_889.jpg",restaurant,0.2767,korean palace,0.1591,bar,0.1397
1008,"해물,생선_골목쭈꾸미_1825.jpg",restaurant,0.3461,bar,0.2319,market,0.1776
1009,"해물,생선_골목쭈꾸미_1826.jpg",korean palace,0.4242,market,0.2702,restaurant,0.2222
1010,"해물,생선_오빠가찜해줄께 부산본점_1666.jpg",korean palace,0.7226,restaurant,0.2034,bar,0.0223
1011,"해물,생선_오빠가찜해줄께 부산본점_1667.jpg",korean palace,0.766,restaurant,0.1676,bar,0.0185
1012,"향교,서당_교동향교_1259.jpg",korean palace,0.3851,temple,0.3084,amusement park,0.0575
1013,"향교,서당_교동향교_1260.jpg",river,0.3996,trail,0.1866,forest,0.1216
1014,"향교,서당_교동향교_1261.jpg",trail,0.2273,korean palace,0.1607,temple,0.1514
1015,"향교,서당_동래향교_1704.jpg",korean palace,0.9712,temple,0.0122,park,0.0046
1016,"향교,서당_동래향교_1705.jpg",garden,0.5943,zoo,0.1112,festival,0.0536
1017,"향교,서당_동래향교_1706.jpg",korean palace,0.6717,museum,0.1216,gallery,0.049
1018,호수_석촌호수 서호_136.jpg,tower,0.7277,harbor,0.0742,korean palace,0.0723
1019,호수_석촌호수 서호_138.jpg,park,0.2964,korean palace,0.1836,festival,0.1466
1020,"호프,요리주점_골목_1803.jpg",korean palace,0.7199,restaurant,0.1126,zoo,0.0334
1021,"호프,요리주점_골목_1804.jpg",korean palace,0.6006,restaurant,0.1975,festival,0.0354
1022,"호프,요리주점_골목_1805.jpg",festival,0.8033,korean palace,0.1038,park,0.0208
